C:\Users\KIIT\Desktop\simulator-windows-64\IMG\center_2021_08_11_10_51_27_903.jpg, C:\Users\KIIT\Desktop\simulator-windows-64\IMG\left_2021_08_11_10_51_27_903.jpg, C:\Users\KIIT\Desktop\simulator-windows-64\IMG\right_2021_08_11_10_51_27_903.jpg, 0, 0, 0, 5.61592
C:\Users\KIIT\Desktop\simulator-windows-64\IMG\center_2021_08_11_10_51_28_031.jpg, C:\Users\KIIT\Desktop\simulator-windows-64\IMG\left_2021_08_11_10_51_28_031.jpg, C:\Users\KIIT\Desktop\simulator-windows-64\IMG\right_2021_08_11_10_51_28_031.jpg, 0, 0, 0, 5.534318
C:\Users\KIIT\Desktop\simulator-windows-64\IMG\center_2021_08_11_10_51_28_144.jpg, C:\Users\KIIT\Desktop\simulator-windows-64\IMG\left_2021_08_11_10_51_28_144.jpg, C:\Users\KIIT\Desktop\simulator-windows-64\IMG\right_2021_08_11_10_51_28_144.jpg, 0, 0, 0, 5.46484
C:\Users\KIIT\Desktop\simulator-windows-64\IMG\center_2021_08_11_10_51_28_257.jpg, C:\Users\KIIT\Desktop\simulator-windows-64\IMG\left_2021_08_11_10_51_28_257.jpg, C:\Users\KIIT\Desktop\simulator-windows-64\IMG\right_2021_08_11_10_51_28_257.jpg, 0, 0, 0, 5.407595
C:\Users\KIIT\Desktop\simulator-windows-64\IMG\center_2021_08_11_10_51_28_374.jpg, C:\Users\KIIT\Desktop\simulator-windows-64\IMG\left_2021_08_11_10_51_28_374.jpg, C:\Users\KIIT\Desktop\simulator-windows-64\IMG\right_2021_08_11_10_51_28_374.jpg, 0, 0, 0, 5.339672
C:\Users\KIIT\Desktop\simulator-windows-64\IMG\center_2021_08_11_10_51_28_482.jpg, C:\Users\KIIT\Desktop\simulator-windows-64\IMG\left_2021_08_11_10_51_28_482.jpg, C:\Users\KIIT\Desktop\simulator-windows-64\IMG\right_2021_08_11_10_51_28_482.jpg, 0, 0, 0, 5.2837
C:\Users\KIIT\Desktop\simulator-windows-64\IMG\center_2021_08_11_10_51_28_594.jpg, C:\Users\KIIT\Desktop\simulator-windows-64\IMG\left_2021_08_11_10_51_28_594.jpg, C:\Users\KIIT\Desktop\simulator-windows-64\IMG\right_2021_08_11_10_51_28_594.jpg, 0, 0, 0, 5.217292
C:\Users\KIIT\Desktop\simulator-windows-64\IMG\center_2021_08_11_10_51_28_711.jpg, C:\Users\KIIT\Desktop\simulator-windows-64\IMG\left_2021_08_11_10_51_28_711.jpg, C:\Users\KIIT\Desktop\simulator-windows-64\IMG\right_2021_08_11_10_51_28_711.jpg, 0, 0, 0, 5.151696
C:\Users\KIIT\Desktop\simulator-windows-64\IMG\center_2021_08_11_10_51_28_818.jpg, C:\Users\KIIT\Desktop\simulator-windows-64\IMG\left_2021_08_11_10_51_28_818.jpg, C:\Users\KIIT\Desktop\simulator-windows-64\IMG\right_2021_08_11_10_51_28_818.jpg, 0, 0, 0, 5.097649
C:\Users\KIIT\Desktop\simulator-windows-64\IMG\center_2021_08_11_10_51_28_920.jpg, C:\Users\KIIT\Desktop\simulator-windows-64\IMG\left_2021_08_11_10_51_28_920.jpg, C:\Users\KIIT\Desktop\simulator-windows-64\IMG\right_2021_08_11_10_51_28_920.jpg, 0, 0, 0, 5.044151
C:\Users\KIIT\Desktop\simulator-windows-64\IMG\center_2021_08_11_10_51_29_022.jpg, C:\Users\KIIT\Desktop\simulator-windows-64\IMG\left_2021_08_11_10_51_29_022.jpg, C:\Users\KIIT\Desktop\simulator-windows-64\IMG\right_2021_08_11_10_51_29_022.jpg, 0, 0, 0, 4.991021
C:\Users\KIIT\Desktop\simulator-windows-64\IMG\center_2021_08_11_10_51_29_141.jpg, C:\Users\KIIT\Desktop\simulator-windows-64\IMG\left_2021_08_11_10_51_29_141.jpg, C:\Users\KIIT\Desktop\simulator-windows-64\IMG\right_2021_08_11_10_51_29_141.jpg, -0.3572202, 0, 0, 4.902903
C:\Users\KIIT\Desktop\simulator-windows-64\IMG\center_2021_08_11_10_51_29_243.jpg, C:\Users\KIIT\Desktop\simulator-windows-64\IMG\left_2021_08_11_10_51_29_243.jpg, C:\Users\KIIT\Desktop\simulator-windows-64\IMG\right_2021_08_11_10_51_29_243.jpg, -0.6647763, 0.3075561, 0, 5.135045
C:\Users\KIIT\Desktop\simulator-windows-64\IMG\center_2021_08_11_10_51_29_353.jpg, C:\Users\KIIT\Desktop\simulator-windows-64\IMG\left_2021_08_11_10_51_29_353.jpg, C:\Users\KIIT\Desktop\simulator-windows-64\IMG\right_2021_08_11_10_51_29_353.jpg, -0.9934008, 0.6361806, 0, 5.647076
C:\Users\KIIT\Desktop\simulator-windows-64\IMG\center_2021_08_11_10_51_29_455.jpg, C:\Users\KIIT\Desktop\simulator-windows-64\IMG\left_2021_08_11_10_51_29_455.jpg, C:\Users\KIIT\Desktop\simulator-windows-64\IMG\right_2021_08_11_10_51_29_455.jpg, -1, 0.9394917, 0, 6.567494
C:\Users\KIIT\Desktop\simulator-windows-64\IMG\center_2021_08_11_10_51_29_580.jpg, C:\Users\KIIT\Desktop\simulator-windows-64\IMG\left_2021_08_11_10_51_29_580.jpg, C:\Users\KIIT\Desktop\simulator-windows-64\IMG\right_2021_08_11_10_51_29_580.jpg, -1, 1, 0, 7.869215
C:\Users\KIIT\Desktop\simulator-windows-64\IMG\center_2021_08_11_10_51_29_730.jpg, C:\Users\KIIT\Desktop\simulator-windows-64\IMG\left_2021_08_11_10_51_29_730.jpg, C:\Users\KIIT\Desktop\simulator-windows-64\IMG\right_2021_08_11_10_51_29_730.jpg, -1, 0.5561407, 0, 8.787589
C:\Users\KIIT\Desktop\simulator-windows-64\IMG\center_2021_08_11_10_51_29_848.jpg, C:\Users\KIIT\Desktop\simulator-windows-64\IMG\left_2021_08_11_10_51_29_848.jpg, C:\Users\KIIT\Desktop\simulator-windows-64\IMG\right_2021_08_11_10_51_29_848.jpg, -0.6368758, 0.1930165, 0, 9.121474
C:\Users\KIIT\Desktop\simulator-windows-64\IMG\center_2021_08_11_10_51_29_964.jpg, C:\Users\KIIT\Desktop\simulator-windows-64\IMG\left_2021_08_11_10_51_29_964.jpg, C:\Users\KIIT\Desktop\simulator-windows-64\IMG\right_2021_08_11_10_51_29_964.jpg, -0.2932588, 0, 0, 9.04705
C:\Users\KIIT\Desktop\simulator-windows-64\IMG\center_2021_08_11_10_51_30_081.jpg, C:\Users\KIIT\Desktop\simulator-windows-64\IMG\left_2021_08_11_10_51_30_081.jpg, C:\Users\KIIT\Desktop\simulator-windows-64\IMG\right_2021_08_11_10_51_30_081.jpg, 0, 0.3534168, 0, 9.242871
C:\Users\KIIT\Desktop\simulator-windows-64\IMG\center_2021_08_11_10_51_30_185.jpg, C:\Users\KIIT\Desktop\simulator-windows-64\IMG\left_2021_08_11_10_51_30_185.jpg, C:\Users\KIIT\Desktop\simulator-windows-64\IMG\right_2021_08_11_10_51_30_185.jpg, 0, 0.6642813, 0, 9.993458
C:\Users\KIIT\Desktop\simulator-windows-64\IMG\center_2021_08_11_10_51_30_312.jpg, C:\Users\KIIT\Desktop\simulator-windows-64\IMG\left_2021_08_11_10_51_30_312.jpg, C:\Users\KIIT\Desktop\simulator-windows-64\IMG\right_2021_08_11_10_51_30_312.jpg, 0, 1, 0, 11.20166
C:\Users\KIIT\Desktop\simulator-windows-64\IMG\center_2021_08_11_10_51_30_415.jpg, C:\Users\KIIT\Desktop\simulator-windows-64\IMG\left_2021_08_11_10_51_30_415.jpg, C:\Users\KIIT\Desktop\simulator-windows-64\IMG\right_2021_08_11_10_51_30_415.jpg, 0, 1, 0, 12.34363
C:\Users\KIIT\Desktop\simulator-windows-64\IMG\center_2021_08_11_10_51_30_520.jpg, C:\Users\KIIT\Desktop\simulator-windows-64\IMG\left_2021_08_11_10_51_30_520.jpg, C:\Users\KIIT\Desktop\simulator-windows-64\IMG\right_2021_08_11_10_51_30_520.jpg, 0, 1, 0, 13.34095
C:\Users\KIIT\Desktop\simulator-windows-64\IMG\center_2021_08_11_10_51_30_651.jpg, C:\Users\KIIT\Desktop\simulator-windows-64\IMG\left_2021_08_11_10_51_30_651.jpg, C:\Users\KIIT\Desktop\simulator-windows-64\IMG\right_2021_08_11_10_51_30_651.jpg, 0, 1, 0, 14.63793
C:\Users\KIIT\Desktop\simulator-windows-64\IMG\center_2021_08_11_10_51_30_744.jpg, C:\Users\KIIT\Desktop\simulator-windows-64\IMG\left_2021_08_11_10_51_30_744.jpg, C:\Users\KIIT\Desktop\simulator-windows-64\IMG\right_2021_08_11_10_51_30_744.jpg, 0, 1, 0, 15.90022
C:\Users\KIIT\Desktop\simulator-windows-64\IMG\center_2021_08_11_10_51_30_851.jpg, C:\Users\KIIT\Desktop\simulator-windows-64\IMG\left_2021_08_11_10_51_30_851.jpg, C:\Users\KIIT\Desktop\simulator-windows-64\IMG\right_2021_08_11_10_51_30_851.jpg, -0.3208404, 1, 0, 16.94827
C:\Users\KIIT\Desktop\simulator-windows-64\IMG\center_2021_08_11_10_51_30_966.jpg, C:\Users\KIIT\Desktop\simulator-windows-64\IMG\left_2021_08_11_10_51_30_966.jpg, C:\Users\KIIT\Desktop\simulator-windows-64\IMG\right_2021_08_11_10_51_30_966.jpg, 0, 1, 0, 18.16806
C:\Users\KIIT\Desktop\simulator-windows-64\IMG\center_2021_08_11_10_51_31_085.jpg, C:\Users\KIIT\Desktop\simulator-windows-64\IMG\left_2021_08_11_10_51_31_085.jpg, C:\Users\KIIT\Desktop\simulator-windows-64\IMG\right_2021_08_11_10_51_31_085.jpg, 0, 1, 0, 19.39685
C:\Users\KIIT\Desktop\simulator-windows-64\IMG\center_2021_08_11_10_51_31_192.jpg, C:\Users\KIIT\Desktop\simulator-windows-64\IMG\left_2021_08_11_10_51_31_192.jpg, C:\Users\KIIT\Desktop\simulator-windows-64\IMG\right_2021_08_11_10_51_31_192.jpg, 0, 1, 0, 20.42082
C:\Users\KIIT\Desktop\simulator-windows-64\IMG\center_2021_08_11_10_51_31_293.jpg, C:\Users\KIIT\Desktop\simulator-windows-64\IMG\left_2021_08_11_10_51_31_293.jpg, C:\Users\KIIT\Desktop\simulator-windows-64\IMG\right_2021_08_11_10_51_31_293.jpg, 0, 1, 0, 21.42019
C:\Users\KIIT\Desktop\simulator-windows-64\IMG\center_2021_08_11_10_51_31_412.jpg, C:\Users\KIIT\Desktop\simulator-windows-64\IMG\left_2021_08_11_10_51_31_412.jpg, C:\Users\KIIT\Desktop\simulator-windows-64\IMG\right_2021_08_11_10_51_31_412.jpg, 0, 1, 0, 22.61255
C:\Users\KIIT\Desktop\simulator-windows-64\IMG\center_2021_08_11_10_51_31_524.jpg, C:\Users\KIIT\Desktop\simulator-windows-64\IMG\left_2021_08_11_10_51_31_524.jpg, C:\Users\KIIT\Desktop\simulator-windows-64\IMG\right_2021_08_11_10_51_31_524.jpg, 0, 1, 0, 23.78931
C:\Users\KIIT\Desktop\simulator-windows-64\IMG\center_2021_08_11_10_51_31_647.jpg, C:\Users\KIIT\Desktop\simulator-windows-64\IMG\left_2021_08_11_10_51_31_647.jpg, C:\Users\KIIT\Desktop\simulator-windows-64\IMG\right_2021_08_11_10_51_31_647.jpg, -0.3698925, 1, 0, 24.84768
C:\Users\KIIT\Desktop\simulator-windows-64\IMG\center_2021_08_11_10_51_31_752.jpg, C:\Users\KIIT\Desktop\simulator-windows-64\IMG\left_2021_08_11_10_51_31_752.jpg, C:\Users\KIIT\Desktop\simulator-windows-64\IMG\right_2021_08_11_10_51_31_752.jpg, -0.54684, 1, 0, 25.54853
C:\Users\KIIT\Desktop\simulator-windows-64\IMG\center_2021_08_11_10_51_31_855.jpg, C:\Users\KIIT\Desktop\simulator-windows-64\IMG\left_2021_08_11_10_51_31_855.jpg, C:\Users\KIIT\Desktop\simulator-windows-64\IMG\right_2021_08_11_10_51_31_855.jpg, -0.2386035, 1, 0, 26.5116
C:\Users\KIIT\Desktop\simulator-windows-64\IMG\center_2021_08_11_10_51_31_981.jpg, C:\Users\KIIT\Desktop\simulator-windows-64\IMG\left_2021_08_11_10_51_31_981.jpg, C:\Users\KIIT\Desktop\simulator-windows-64\IMG\right_2021_08_11_10_51_31_981.jpg, 0, 1, 0, 27.60976
C:\Users\KIIT\Desktop\simulator-windows-64\IMG\center_2021_08_11_10_51_32_089.jpg, C:\Users\KIIT\Desktop\simulator-windows-64\IMG\left_2021_08_11_10_51_32_089.jpg, C:\Users\KIIT\Desktop\simulator-windows-64\IMG\right_2021_08_11_10_51_32_089.jpg, 0, 1, 0, 28.72169
C:\Users\KIIT\Desktop\simulator-windows-64\IMG\center_2021_08_11_10_51_32_211.jpg, C:\Users\KIIT\Desktop\simulator-windows-64\IMG\left_2021_08_11_10_51_32_211.jpg, C:\Users\KIIT\Desktop\simulator-windows-64\IMG\right_2021_08_11_10_51_32_211.jpg, 0, 1, 0, 29.82366
C:\Users\KIIT\Desktop\simulator-windows-64\IMG\center_2021_08_11_10_51_32_333.jpg, C:\Users\KIIT\Desktop\simulator-windows-64\IMG\left_2021_08_11_10_51_32_333.jpg, C:\Users\KIIT\Desktop\simulator-windows-64\IMG\right_2021_08_11_10_51_32_333.jpg, 0, 1, 0, 30.19022
C:\Users\KIIT\Desktop\simulator-windows-64\IMG\center_2021_08_11_10_51_32_466.jpg, C:\Users\KIIT\Desktop\simulator-windows-64\IMG\left_2021_08_11_10_51_32_466.jpg, C:\Users\KIIT\Desktop\simulator-windows-64\IMG\right_2021_08_11_10_51_32_466.jpg, 0, 1, 0, 30.19026
C:\Users\KIIT\Desktop\simulator-windows-64\IMG\center_2021_08_11_10_51_32_594.jpg, C:\Users\KIIT\Desktop\simulator-windows-64\IMG\left_2021_08_11_10_51_32_594.jpg, C:\Users\KIIT\Desktop\simulator-windows-64\IMG\right_2021_08_11_10_51_32_594.jpg, 0, 1, 0, 30.19028
C:\Users\KIIT\Desktop\simulator-windows-64\IMG\center_2021_08_11_10_51_32_725.jpg, C:\Users\KIIT\Desktop\simulator-windows-64\IMG\left_2021_08_11_10_51_32_725.jpg, C:\Users\KIIT\Desktop\simulator-windows-64\IMG\right_2021_08_11_10_51_32_725.jpg, 0, 1, 0, 30.19037
C:\Users\KIIT\Desktop\simulator-windows-64\IMG\center_2021_08_11_10_51_32_849.jpg, C:\Users\KIIT\Desktop\simulator-windows-64\IMG\left_2021_08_11_10_51_32_849.jpg, C:\Users\KIIT\Desktop\simulator-windows-64\IMG\right_2021_08_11_10_51_32_849.jpg, 0, 1, 0, 30.1907
C:\Users\KIIT\Desktop\simulator-windows-64\IMG\center_2021_08_11_10_51_32_969.jpg, C:\Users\KIIT\Desktop\simulator-windows-64\IMG\left_2021_08_11_10_51_32_969.jpg, C:\Users\KIIT\Desktop\simulator-windows-64\IMG\right_2021_08_11_10_51_32_969.jpg, 0, 1, 0, 30.19032
C:\Users\KIIT\Desktop\simulator-windows-64\IMG\center_2021_08_11_10_51_33_093.jpg, C:\Users\KIIT\Desktop\simulator-windows-64\IMG\left_2021_08_11_10_51_33_093.jpg, C:\Users\KIIT\Desktop\simulator-windows-64\IMG\right_2021_08_11_10_51_33_093.jpg, 0, 1, 0, 30.19031
C:\Users\KIIT\Desktop\simulator-windows-64\IMG\center_2021_08_11_10_51_33_205.jpg, C:\Users\KIIT\Desktop\simulator-windows-64\IMG\left_2021_08_11_10_51_33_205.jpg, C:\Users\KIIT\Desktop\simulator-windows-64\IMG\right_2021_08_11_10_51_33_205.jpg, 0, 1, 0, 30.19028
C:\Users\KIIT\Desktop\simulator-windows-64\IMG\center_2021_08_11_10_51_33_330.jpg, C:\Users\KIIT\Desktop\simulator-windows-64\IMG\left_2021_08_11_10_51_33_330.jpg, C:\Users\KIIT\Desktop\simulator-windows-64\IMG\right_2021_08_11_10_51_33_330.jpg, -0.3775617, 1, 0, 30.15814
C:\Users\KIIT\Desktop\simulator-windows-64\IMG\center_2021_08_11_10_51_33_431.jpg, C:\Users\KIIT\Desktop\simulator-windows-64\IMG\left_2021_08_11_10_51_33_431.jpg, C:\Users\KIIT\Desktop\simulator-windows-64\IMG\right_2021_08_11_10_51_33_431.jpg, -0.07709068, 1, 0, 30.19073
C:\Users\KIIT\Desktop\simulator-windows-64\IMG\center_2021_08_11_10_51_33_535.jpg, C:\Users\KIIT\Desktop\simulator-windows-64\IMG\left_2021_08_11_10_51_33_535.jpg, C:\Users\KIIT\Desktop\simulator-windows-64\IMG\right_2021_08_11_10_51_33_535.jpg, 0, 1, 0, 30.19048
C:\Users\KIIT\Desktop\simulator-windows-64\IMG\center_2021_08_11_10_51_33_641.jpg, C:\Users\KIIT\Desktop\simulator-windows-64\IMG\left_2021_08_11_10_51_33_641.jpg, C:\Users\KIIT\Desktop\simulator-windows-64\IMG\right_2021_08_11_10_51_33_641.jpg, 0, 1, 0, 30.19088
C:\Users\KIIT\Desktop\simulator-windows-64\IMG\center_2021_08_11_10_51_33_776.jpg, C:\Users\KIIT\Desktop\simulator-windows-64\IMG\left_2021_08_11_10_51_33_776.jpg, C:\Users\KIIT\Desktop\simulator-windows-64\IMG\right_2021_08_11_10_51_33_776.jpg, 0, 1, 0, 30.18936
C:\Users\KIIT\Desktop\simulator-windows-64\IMG\center_2021_08_11_10_51_33_902.jpg, C:\Users\KIIT\Desktop\simulator-windows-64\IMG\left_2021_08_11_10_51_33_902.jpg, C:\Users\KIIT\Desktop\simulator-windows-64\IMG\right_2021_08_11_10_51_33_902.jpg, 0, 1, 0, 30.19025
C:\Users\KIIT\Desktop\simulator-windows-64\IMG\center_2021_08_11_10_51_34_024.jpg, C:\Users\KIIT\Desktop\simulator-windows-64\IMG\left_2021_08_11_10_51_34_024.jpg, C:\Users\KIIT\Desktop\simulator-windows-64\IMG\right_2021_08_11_10_51_34_024.jpg, 0, 1, 0, 30.19028
C:\Users\KIIT\Desktop\simulator-windows-64\IMG\center_2021_08_11_10_51_34_143.jpg, C:\Users\KIIT\Desktop\simulator-windows-64\IMG\left_2021_08_11_10_51_34_143.jpg, C:\Users\KIIT\Desktop\simulator-windows-64\IMG\right_2021_08_11_10_51_34_143.jpg, 0, 1, 0, 30.19031
C:\Users\KIIT\Desktop\simulator-windows-64\IMG\center_2021_08_11_10_51_34_261.jpg, C:\Users\KIIT\Desktop\simulator-windows-64\IMG\left_2021_08_11_10_51_34_261.jpg, C:\Users\KIIT\Desktop\simulator-windows-64\IMG\right_2021_08_11_10_51_34_261.jpg, -0.3530808, 1, 0, 30.16521
C:\Users\KIIT\Desktop\simulator-windows-64\IMG\center_2021_08_11_10_51_34_382.jpg, C:\Users\KIIT\Desktop\simulator-windows-64\IMG\left_2021_08_11_10_51_34_382.jpg, C:\Users\KIIT\Desktop\simulator-windows-64\IMG\right_2021_08_11_10_51_34_382.jpg, 0, 1, 0, 30.18957
C:\Users\KIIT\Desktop\simulator-windows-64\IMG\center_2021_08_11_10_51_34_492.jpg, C:\Users\KIIT\Desktop\simulator-windows-64\IMG\left_2021_08_11_10_51_34_492.jpg, C:\Users\KIIT\Desktop\simulator-windows-64\IMG\right_2021_08_11_10_51_34_492.jpg, 0, 1, 0, 30.19017
C:\Users\KIIT\Desktop\simulator-windows-64\IMG\center_2021_08_11_10_51_34_606.jpg, C:\Users\KIIT\Desktop\simulator-windows-64\IMG\left_2021_08_11_10_51_34_606.jpg, C:\Users\KIIT\Desktop\simulator-windows-64\IMG\right_2021_08_11_10_51_34_606.jpg, 0, 1, 0, 30.19028
C:\Users\KIIT\Desktop\simulator-windows-64\IMG\center_2021_08_11_10_51_34_710.jpg, C:\Users\KIIT\Desktop\simulator-windows-64\IMG\left_2021_08_11_10_51_34_710.jpg, C:\Users\KIIT\Desktop\simulator-windows-64\IMG\right_2021_08_11_10_51_34_710.jpg, 0, 1, 0, 30.19031
C:\Users\KIIT\Desktop\simulator-windows-64\IMG\center_2021_08_11_10_51_34_826.jpg, C:\Users\KIIT\Desktop\simulator-windows-64\IMG\left_2021_08_11_10_51_34_826.jpg, C:\Users\KIIT\Desktop\simulator-windows-64\IMG\right_2021_08_11_10_51_34_826.jpg, 0, 1, 0, 30.19031
C:\Users\KIIT\Desktop\simulator-windows-64\IMG\center_2021_08_11_10_51_34_933.jpg, C:\Users\KIIT\Desktop\simulator-windows-64\IMG\left_2021_08_11_10_51_34_933.jpg, C:\Users\KIIT\Desktop\simulator-windows-64\IMG\right_2021_08_11_10_51_34_933.jpg, 0, 1, 0, 30.1903
C:\Users\KIIT\Desktop\simulator-windows-64\IMG\center_2021_08_11_10_51_35_043.jpg, C:\Users\KIIT\Desktop\simulator-windows-64\IMG\left_2021_08_11_10_51_35_043.jpg, C:\Users\KIIT\Desktop\simulator-windows-64\IMG\right_2021_08_11_10_51_35_043.jpg, -0.3326985, 1, 0, 30.16686
C:\Users\KIIT\Desktop\simulator-windows-64\IMG\center_2021_08_11_10_51_35_148.jpg, C:\Users\KIIT\Desktop\simulator-windows-64\IMG\left_2021_08_11_10_51_35_148.jpg, C:\Users\KIIT\Desktop\simulator-windows-64\IMG\right_2021_08_11_10_51_35_148.jpg, -0.0213009, 1, 0, 30.18894
C:\Users\KIIT\Desktop\simulator-windows-64\IMG\center_2021_08_11_10_51_35_255.jpg, C:\Users\KIIT\Desktop\simulator-windows-64\IMG\left_2021_08_11_10_51_35_255.jpg, C:\Users\KIIT\Desktop\simulator-windows-64\IMG\right_2021_08_11_10_51_35_255.jpg, 0, 1, 0, 30.19002
C:\Users\KIIT\Desktop\simulator-windows-64\IMG\center_2021_08_11_10_51_35_380.jpg, C:\Users\KIIT\Desktop\simulator-windows-64\IMG\left_2021_08_11_10_51_35_380.jpg, C:\Users\KIIT\Desktop\simulator-windows-64\IMG\right_2021_08_11_10_51_35_380.jpg, 0, 1, 0, 30.19028
C:\Users\KIIT\Desktop\simulator-windows-64\IMG\center_2021_08_11_10_51_35_484.jpg, C:\Users\KIIT\Desktop\simulator-windows-64\IMG\left_2021_08_11_10_51_35_484.jpg, C:\Users\KIIT\Desktop\simulator-windows-64\IMG\right_2021_08_11_10_51_35_484.jpg, 0, 1, 0, 30.19033
C:\Users\KIIT\Desktop\simulator-windows-64\IMG\center_2021_08_11_10_51_35_588.jpg, C:\Users\KIIT\Desktop\simulator-windows-64\IMG\left_2021_08_11_10_51_35_588.jpg, C:\Users\KIIT\Desktop\simulator-windows-64\IMG\right_2021_08_11_10_51_35_588.jpg, -0.3123984, 1, 0, 30.16778
C:\Users\KIIT\Desktop\simulator-windows-64\IMG\center_2021_08_11_10_51_35_705.jpg, C:\Users\KIIT\Desktop\simulator-windows-64\IMG\left_2021_08_11_10_51_35_705.jpg, C:\Users\KIIT\Desktop\simulator-windows-64\IMG\right_2021_08_11_10_51_35_705.jpg, 0, 1, 0, 30.18933
C:\Users\KIIT\Desktop\simulator-windows-64\IMG\center_2021_08_11_10_51_35_826.jpg, C:\Users\KIIT\Desktop\simulator-windows-64\IMG\left_2021_08_11_10_51_35_826.jpg, C:\Users\KIIT\Desktop\simulator-windows-64\IMG\right_2021_08_11_10_51_35_826.jpg, -0.1027929, 1, 0, 30.19131
C:\Users\KIIT\Desktop\simulator-windows-64\IMG\center_2021_08_11_10_51_35_961.jpg, C:\Users\KIIT\Desktop\simulator-windows-64\IMG\left_2021_08_11_10_51_35_961.jpg, C:\Users\KIIT\Desktop\simulator-windows-64\IMG\right_2021_08_11_10_51_35_961.jpg, -0.510033, 1, 0, 30.14703
C:\Users\KIIT\Desktop\simulator-windows-64\IMG\center_2021_08_11_10_51_36_106.jpg, C:\Users\KIIT\Desktop\simulator-windows-64\IMG\left_2021_08_11_10_51_36_106.jpg, C:\Users\KIIT\Desktop\simulator-windows-64\IMG\right_2021_08_11_10_51_36_106.jpg, -0.07933712, 1, 0, 30.19175
C:\Users\KIIT\Desktop\simulator-windows-64\IMG\center_2021_08_11_10_51_36_250.jpg, C:\Users\KIIT\Desktop\simulator-windows-64\IMG\left_2021_08_11_10_51_36_250.jpg, C:\Users\KIIT\Desktop\simulator-windows-64\IMG\right_2021_08_11_10_51_36_250.jpg, 0, 1, 0, 30.19006
C:\Users\KIIT\Desktop\simulator-windows-64\IMG\center_2021_08_11_10_51_36_380.jpg, C:\Users\KIIT\Desktop\simulator-windows-64\IMG\left_2021_08_11_10_51_36_380.jpg, C:\Users\KIIT\Desktop\simulator-windows-64\IMG\right_2021_08_11_10_51_36_380.jpg, 0, 1, 0, 30.19029
C:\Users\KIIT\Desktop\simulator-windows-64\IMG\center_2021_08_11_10_51_36_515.jpg, C:\Users\KIIT\Desktop\simulator-windows-64\IMG\left_2021_08_11_10_51_36_515.jpg, C:\Users\KIIT\Desktop\simulator-windows-64\IMG\right_2021_08_11_10_51_36_515.jpg, 0, 1, 0, 30.19037
C:\Users\KIIT\Desktop\simulator-windows-64\IMG\center_2021_08_11_10_51_36_666.jpg, C:\Users\KIIT\Desktop\simulator-windows-64\IMG\left_2021_08_11_10_51_36_666.jpg, C:\Users\KIIT\Desktop\simulator-windows-64\IMG\right_2021_08_11_10_51_36_666.jpg, 0, 1, 0, 30.19032
C:\Users\KIIT\Desktop\simulator-windows-64\IMG\center_2021_08_11_10_51_36_804.jpg, C:\Users\KIIT\Desktop\simulator-windows-64\IMG\left_2021_08_11_10_51_36_804.jpg, C:\Users\KIIT\Desktop\simulator-windows-64\IMG\right_2021_08_11_10_51_36_804.jpg, 0.4153734, 1, 0, 30.16069
C:\Users\KIIT\Desktop\simulator-windows-64\IMG\center_2021_08_11_10_51_36_951.jpg, C:\Users\KIIT\Desktop\simulator-windows-64\IMG\left_2021_08_11_10_51_36_951.jpg, C:\Users\KIIT\Desktop\simulator-windows-64\IMG\right_2021_08_11_10_51_36_951.jpg, 0, 0.5593267, 0, 30.08365
C:\Users\KIIT\Desktop\simulator-windows-64\IMG\center_2021_08_11_10_51_37_095.jpg, C:\Users\KIIT\Desktop\simulator-windows-64\IMG\left_2021_08_11_10_51_37_095.jpg, C:\Users\KIIT\Desktop\simulator-windows-64\IMG\right_2021_08_11_10_51_37_095.jpg, 0, 0.9909547, 0, 30.18392
C:\Users\KIIT\Desktop\simulator-windows-64\IMG\center_2021_08_11_10_51_37_257.jpg, C:\Users\KIIT\Desktop\simulator-windows-64\IMG\left_2021_08_11_10_51_37_257.jpg, C:\Users\KIIT\Desktop\simulator-windows-64\IMG\right_2021_08_11_10_51_37_257.jpg, 0, 1, 0, 30.19028
C:\Users\KIIT\Desktop\simulator-windows-64\IMG\center_2021_08_11_10_51_37_407.jpg, C:\Users\KIIT\Desktop\simulator-windows-64\IMG\left_2021_08_11_10_51_37_407.jpg, C:\Users\KIIT\Desktop\simulator-windows-64\IMG\right_2021_08_11_10_51_37_407.jpg, -0.45192, 1, 0, 30.15705
C:\Users\KIIT\Desktop\simulator-windows-64\IMG\center_2021_08_11_10_51_37_560.jpg, C:\Users\KIIT\Desktop\simulator-windows-64\IMG\left_2021_08_11_10_51_37_560.jpg, C:\Users\KIIT\Desktop\simulator-windows-64\IMG\right_2021_08_11_10_51_37_560.jpg, 0, 1, 0, 30.18544
C:\Users\KIIT\Desktop\simulator-windows-64\IMG\center_2021_08_11_10_51_37_664.jpg, C:\Users\KIIT\Desktop\simulator-windows-64\IMG\left_2021_08_11_10_51_37_664.jpg, C:\Users\KIIT\Desktop\simulator-windows-64\IMG\right_2021_08_11_10_51_37_664.jpg, 0, 1, 0, 30.18999
C:\Users\KIIT\Desktop\simulator-windows-64\IMG\center_2021_08_11_10_51_37_816.jpg, C:\Users\KIIT\Desktop\simulator-windows-64\IMG\left_2021_08_11_10_51_37_816.jpg, C:\Users\KIIT\Desktop\simulator-windows-64\IMG\right_2021_08_11_10_51_37_816.jpg, 0, 1, 0, 30.19015
C:\Users\KIIT\Desktop\simulator-windows-64\IMG\center_2021_08_11_10_51_37_960.jpg, C:\Users\KIIT\Desktop\simulator-windows-64\IMG\left_2021_08_11_10_51_37_960.jpg, C:\Users\KIIT\Desktop\simulator-windows-64\IMG\right_2021_08_11_10_51_37_960.jpg, 0, 1, 0, 30.19032
C:\Users\KIIT\Desktop\simulator-windows-64\IMG\center_2021_08_11_10_51_38_067.jpg, C:\Users\KIIT\Desktop\simulator-windows-64\IMG\left_2021_08_11_10_51_38_067.jpg, C:\Users\KIIT\Desktop\simulator-windows-64\IMG\right_2021_08_11_10_51_38_067.jpg, 0, 1, 0, 30.1903
C:\Users\KIIT\Desktop\simulator-windows-64\IMG\center_2021_08_11_10_51_38_189.jpg, C:\Users\KIIT\Desktop\simulator-windows-64\IMG\left_2021_08_11_10_51_38_189.jpg, C:\Users\KIIT\Desktop\simulator-windows-64\IMG\right_2021_08_11_10_51_38_189.jpg, 0, 1, 0, 30.19029
C:\Users\KIIT\Desktop\simulator-windows-64\IMG\center_2021_08_11_10_51_38_296.jpg, C:\Users\KIIT\Desktop\simulator-windows-64\IMG\left_2021_08_11_10_51_38_296.jpg, C:\Users\KIIT\Desktop\simulator-windows-64\IMG\right_2021_08_11_10_51_38_296.jpg, 0, 1, 0, 30.19028
C:\Users\KIIT\Desktop\simulator-windows-64\IMG\center_2021_08_11_10_51_38_421.jpg, C:\Users\KIIT\Desktop\simulator-windows-64\IMG\left_2021_08_11_10_51_38_421.jpg, C:\Users\KIIT\Desktop\simulator-windows-64\IMG\right_2021_08_11_10_51_38_421.jpg, -0.3765515, 1, 0, 30.16414
C:\Users\KIIT\Desktop\simulator-windows-64\IMG\center_2021_08_11_10_51_38_535.jpg, C:\Users\KIIT\Desktop\simulator-windows-64\IMG\left_2021_08_11_10_51_38_535.jpg, C:\Users\KIIT\Desktop\simulator-windows-64\IMG\right_2021_08_11_10_51_38_535.jpg, -0.7173557, 1, 0, 30.11972
C:\Users\KIIT\Desktop\simulator-windows-64\IMG\center_2021_08_11_10_51_38_641.jpg, C:\Users\KIIT\Desktop\simulator-windows-64\IMG\left_2021_08_11_10_51_38_641.jpg, C:\Users\KIIT\Desktop\simulator-windows-64\IMG\right_2021_08_11_10_51_38_641.jpg, -0.4000727, 1, 0, 30.19057
C:\Users\KIIT\Desktop\simulator-windows-64\IMG\center_2021_08_11_10_51_38_759.jpg, C:\Users\KIIT\Desktop\simulator-windows-64\IMG\left_2021_08_11_10_51_38_759.jpg, C:\Users\KIIT\Desktop\simulator-windows-64\IMG\right_2021_08_11_10_51_38_759.jpg, -0.04362623, 1, 0, 30.18621
C:\Users\KIIT\Desktop\simulator-windows-64\IMG\center_2021_08_11_10_51_38_872.jpg, C:\Users\KIIT\Desktop\simulator-windows-64\IMG\left_2021_08_11_10_51_38_872.jpg, C:\Users\KIIT\Desktop\simulator-windows-64\IMG\right_2021_08_11_10_51_38_872.jpg, 0, 1, 0, 30.1906
C:\Users\KIIT\Desktop\simulator-windows-64\IMG\center_2021_08_11_10_51_38_975.jpg, C:\Users\KIIT\Desktop\simulator-windows-64\IMG\left_2021_08_11_10_51_38_975.jpg, C:\Users\KIIT\Desktop\simulator-windows-64\IMG\right_2021_08_11_10_51_38_975.jpg, 0, 1, 0, 30.18971
C:\Users\KIIT\Desktop\simulator-windows-64\IMG\center_2021_08_11_10_51_39_092.jpg, C:\Users\KIIT\Desktop\simulator-windows-64\IMG\left_2021_08_11_10_51_39_092.jpg, C:\Users\KIIT\Desktop\simulator-windows-64\IMG\right_2021_08_11_10_51_39_092.jpg, 0, 1, 0, 30.18872
C:\Users\KIIT\Desktop\simulator-windows-64\IMG\center_2021_08_11_10_51_39_213.jpg, C:\Users\KIIT\Desktop\simulator-windows-64\IMG\left_2021_08_11_10_51_39_213.jpg, C:\Users\KIIT\Desktop\simulator-windows-64\IMG\right_2021_08_11_10_51_39_213.jpg, 0, 1, 0, 30.18936
C:\Users\KIIT\Desktop\simulator-windows-64\IMG\center_2021_08_11_10_51_39_340.jpg, C:\Users\KIIT\Desktop\simulator-windows-64\IMG\left_2021_08_11_10_51_39_340.jpg, C:\Users\KIIT\Desktop\simulator-windows-64\IMG\right_2021_08_11_10_51_39_340.jpg, 0, 1, 0, 30.18944
C:\Users\KIIT\Desktop\simulator-windows-64\IMG\center_2021_08_11_10_51_39_460.jpg, C:\Users\KIIT\Desktop\simulator-windows-64\IMG\left_2021_08_11_10_51_39_460.jpg, C:\Users\KIIT\Desktop\simulator-windows-64\IMG\right_2021_08_11_10_51_39_460.jpg, 0, 1, 0, 30.18885
C:\Users\KIIT\Desktop\simulator-windows-64\IMG\center_2021_08_11_10_51_39_591.jpg, C:\Users\KIIT\Desktop\simulator-windows-64\IMG\left_2021_08_11_10_51_39_591.jpg, C:\Users\KIIT\Desktop\simulator-windows-64\IMG\right_2021_08_11_10_51_39_591.jpg, 0.1280922, 1, 0, 30.18312
C:\Users\KIIT\Desktop\simulator-windows-64\IMG\center_2021_08_11_10_51_39_728.jpg, C:\Users\KIIT\Desktop\simulator-windows-64\IMG\left_2021_08_11_10_51_39_728.jpg, C:\Users\KIIT\Desktop\simulator-windows-64\IMG\right_2021_08_11_10_51_39_728.jpg, 0.5413203, 1, 0, 30.14529
C:\Users\KIIT\Desktop\simulator-windows-64\IMG\center_2021_08_11_10_51_39_873.jpg, C:\Users\KIIT\Desktop\simulator-windows-64\IMG\left_2021_08_11_10_51_39_873.jpg, C:\Users\KIIT\Desktop\simulator-windows-64\IMG\right_2021_08_11_10_51_39_873.jpg, 0.6682905, 1, 0, 30.15769
C:\Users\KIIT\Desktop\simulator-windows-64\IMG\center_2021_08_11_10_51_40_009.jpg, C:\Users\KIIT\Desktop\simulator-windows-64\IMG\left_2021_08_11_10_51_40_009.jpg, C:\Users\KIIT\Desktop\simulator-windows-64\IMG\right_2021_08_11_10_51_40_009.jpg, 1, 1, 0, 30.11975
C:\Users\KIIT\Desktop\simulator-windows-64\IMG\center_2021_08_11_10_51_40_131.jpg, C:\Users\KIIT\Desktop\simulator-windows-64\IMG\left_2021_08_11_10_51_40_131.jpg, C:\Users\KIIT\Desktop\simulator-windows-64\IMG\right_2021_08_11_10_51_40_131.jpg, 1, 1, 0, 30.14239
C:\Users\KIIT\Desktop\simulator-windows-64\IMG\center_2021_08_11_10_51_40_264.jpg, C:\Users\KIIT\Desktop\simulator-windows-64\IMG\left_2021_08_11_10_51_40_264.jpg, C:\Users\KIIT\Desktop\simulator-windows-64\IMG\right_2021_08_11_10_51_40_264.jpg, 0.6002125, 0.6002125, 0, 30.09142
C:\Users\KIIT\Desktop\simulator-windows-64\IMG\center_2021_08_11_10_51_40_397.jpg, C:\Users\KIIT\Desktop\simulator-windows-64\IMG\left_2021_08_11_10_51_40_397.jpg, C:\Users\KIIT\Desktop\simulator-windows-64\IMG\right_2021_08_11_10_51_40_397.jpg, 0, 0.4784881, 0, 30.04124
C:\Users\KIIT\Desktop\simulator-windows-64\IMG\center_2021_08_11_10_51_40_509.jpg, C:\Users\KIIT\Desktop\simulator-windows-64\IMG\left_2021_08_11_10_51_40_509.jpg, C:\Users\KIIT\Desktop\simulator-windows-64\IMG\right_2021_08_11_10_51_40_509.jpg, -0.3408981, 0.8193862, 0, 30.09881
C:\Users\KIIT\Desktop\simulator-windows-64\IMG\center_2021_08_11_10_51_40_619.jpg, C:\Users\KIIT\Desktop\simulator-windows-64\IMG\left_2021_08_11_10_51_40_619.jpg, C:\Users\KIIT\Desktop\simulator-windows-64\IMG\right_2021_08_11_10_51_40_619.jpg, -0.4477824, 0.4875871, 0, 30.02775
C:\Users\KIIT\Desktop\simulator-windows-64\IMG\center_2021_08_11_10_51_40_726.jpg, C:\Users\KIIT\Desktop\simulator-windows-64\IMG\left_2021_08_11_10_51_40_726.jpg, C:\Users\KIIT\Desktop\simulator-windows-64\IMG\right_2021_08_11_10_51_40_726.jpg, -0.3341988, 0.1678207, 0, 29.71185
C:\Users\KIIT\Desktop\simulator-windows-64\IMG\center_2021_08_11_10_51_40_835.jpg, C:\Users\KIIT\Desktop\simulator-windows-64\IMG\left_2021_08_11_10_51_40_835.jpg, C:\Users\KIIT\Desktop\simulator-windows-64\IMG\right_2021_08_11_10_51_40_835.jpg, -0.5030175, 0, 0, 29.00473
C:\Users\KIIT\Desktop\simulator-windows-64\IMG\center_2021_08_11_10_51_40_963.jpg, C:\Users\KIIT\Desktop\simulator-windows-64\IMG\left_2021_08_11_10_51_40_963.jpg, C:\Users\KIIT\Desktop\simulator-windows-64\IMG\right_2021_08_11_10_51_40_963.jpg, -0.1295131, 0.1411962, 0, 26.67035
C:\Users\KIIT\Desktop\simulator-windows-64\IMG\center_2021_08_11_10_51_41_091.jpg, C:\Users\KIIT\Desktop\simulator-windows-64\IMG\left_2021_08_11_10_51_41_091.jpg, C:\Users\KIIT\Desktop\simulator-windows-64\IMG\right_2021_08_11_10_51_41_091.jpg, 0, 0.5052384, 0, 25.95642
C:\Users\KIIT\Desktop\simulator-windows-64\IMG\center_2021_08_11_10_51_41_198.jpg, C:\Users\KIIT\Desktop\simulator-windows-64\IMG\left_2021_08_11_10_51_41_198.jpg, C:\Users\KIIT\Desktop\simulator-windows-64\IMG\right_2021_08_11_10_51_41_198.jpg, 0, 0.8311491, 0, 25.58697
C:\Users\KIIT\Desktop\simulator-windows-64\IMG\center_2021_08_11_10_51_41_294.jpg, C:\Users\KIIT\Desktop\simulator-windows-64\IMG\left_2021_08_11_10_51_41_294.jpg, C:\Users\KIIT\Desktop\simulator-windows-64\IMG\right_2021_08_11_10_51_41_294.jpg, 0, 1, 0, 25.69729
C:\Users\KIIT\Desktop\simulator-windows-64\IMG\center_2021_08_11_10_51_41_395.jpg, C:\Users\KIIT\Desktop\simulator-windows-64\IMG\left_2021_08_11_10_51_41_395.jpg, C:\Users\KIIT\Desktop\simulator-windows-64\IMG\right_2021_08_11_10_51_41_395.jpg, -0.0770196, 0.6982336, 0, 25.77209
C:\Users\KIIT\Desktop\simulator-windows-64\IMG\center_2021_08_11_10_51_41_525.jpg, C:\Users\KIIT\Desktop\simulator-windows-64\IMG\left_2021_08_11_10_51_41_525.jpg, C:\Users\KIIT\Desktop\simulator-windows-64\IMG\right_2021_08_11_10_51_41_525.jpg, -0.4361421, 0.3391111, 0, 26.13237
C:\Users\KIIT\Desktop\simulator-windows-64\IMG\center_2021_08_11_10_51_41_625.jpg, C:\Users\KIIT\Desktop\simulator-windows-64\IMG\left_2021_08_11_10_51_41_625.jpg, C:\Users\KIIT\Desktop\simulator-windows-64\IMG\right_2021_08_11_10_51_41_625.jpg, -0.7635384, 0.01171479, 0, 25.9052
C:\Users\KIIT\Desktop\simulator-windows-64\IMG\center_2021_08_11_10_51_41_737.jpg, C:\Users\KIIT\Desktop\simulator-windows-64\IMG\left_2021_08_11_10_51_41_737.jpg, C:\Users\KIIT\Desktop\simulator-windows-64\IMG\right_2021_08_11_10_51_41_737.jpg, -0.4530839, 0, 0, 26.57947
C:\Users\KIIT\Desktop\simulator-windows-64\IMG\center_2021_08_11_10_51_41_845.jpg, C:\Users\KIIT\Desktop\simulator-windows-64\IMG\left_2021_08_11_10_51_41_845.jpg, C:\Users\KIIT\Desktop\simulator-windows-64\IMG\right_2021_08_11_10_51_41_845.jpg, -0.1338851, 0, 0, 26.5533
C:\Users\KIIT\Desktop\simulator-windows-64\IMG\center_2021_08_11_10_51_41_937.jpg, C:\Users\KIIT\Desktop\simulator-windows-64\IMG\left_2021_08_11_10_51_41_937.jpg, C:\Users\KIIT\Desktop\simulator-windows-64\IMG\right_2021_08_11_10_51_41_937.jpg, 0, 0, 0, 26.23337
C:\Users\KIIT\Desktop\simulator-windows-64\IMG\center_2021_08_11_10_51_42_041.jpg, C:\Users\KIIT\Desktop\simulator-windows-64\IMG\left_2021_08_11_10_51_42_041.jpg, C:\Users\KIIT\Desktop\simulator-windows-64\IMG\right_2021_08_11_10_51_42_041.jpg, 0, 0, 0, 25.96047
C:\Users\KIIT\Desktop\simulator-windows-64\IMG\center_2021_08_11_10_51_42_170.jpg, C:\Users\KIIT\Desktop\simulator-windows-64\IMG\left_2021_08_11_10_51_42_170.jpg, C:\Users\KIIT\Desktop\simulator-windows-64\IMG\right_2021_08_11_10_51_42_170.jpg, 0, 0, 0, 25.59523
C:\Users\KIIT\Desktop\simulator-windows-64\IMG\center_2021_08_11_10_51_42_285.jpg, C:\Users\KIIT\Desktop\simulator-windows-64\IMG\left_2021_08_11_10_51_42_285.jpg, C:\Users\KIIT\Desktop\simulator-windows-64\IMG\right_2021_08_11_10_51_42_285.jpg, 0, 0, 0, 25.2871
C:\Users\KIIT\Desktop\simulator-windows-64\IMG\center_2021_08_11_10_51_42_388.jpg, C:\Users\KIIT\Desktop\simulator-windows-64\IMG\left_2021_08_11_10_51_42_388.jpg, C:\Users\KIIT\Desktop\simulator-windows-64\IMG\right_2021_08_11_10_51_42_388.jpg, 0, 0, 0, 25.0332
C:\Users\KIIT\Desktop\simulator-windows-64\IMG\center_2021_08_11_10_51_42_510.jpg, C:\Users\KIIT\Desktop\simulator-windows-64\IMG\left_2021_08_11_10_51_42_510.jpg, C:\Users\KIIT\Desktop\simulator-windows-64\IMG\right_2021_08_11_10_51_42_510.jpg, 0, 0, 0, 24.73188
C:\Users\KIIT\Desktop\simulator-windows-64\IMG\center_2021_08_11_10_51_42_618.jpg, C:\Users\KIIT\Desktop\simulator-windows-64\IMG\left_2021_08_11_10_51_42_618.jpg, C:\Users\KIIT\Desktop\simulator-windows-64\IMG\right_2021_08_11_10_51_42_618.jpg, 0, 0, 0, 24.48356
C:\Users\KIIT\Desktop\simulator-windows-64\IMG\center_2021_08_11_10_51_42_745.jpg, C:\Users\KIIT\Desktop\simulator-windows-64\IMG\left_2021_08_11_10_51_42_745.jpg, C:\Users\KIIT\Desktop\simulator-windows-64\IMG\right_2021_08_11_10_51_42_745.jpg, -0.3824694, 0, 0, 24.0281
C:\Users\KIIT\Desktop\simulator-windows-64\IMG\center_2021_08_11_10_51_42_857.jpg, C:\Users\KIIT\Desktop\simulator-windows-64\IMG\left_2021_08_11_10_51_42_857.jpg, C:\Users\KIIT\Desktop\simulator-windows-64\IMG\right_2021_08_11_10_51_42_857.jpg, -0.7193257, 0, 0, 23.5078
C:\Users\KIIT\Desktop\simulator-windows-64\IMG\center_2021_08_11_10_51_42_965.jpg, C:\Users\KIIT\Desktop\simulator-windows-64\IMG\left_2021_08_11_10_51_42_965.jpg, C:\Users\KIIT\Desktop\simulator-windows-64\IMG\right_2021_08_11_10_51_42_965.jpg, -1, 0, 0, 22.71052
C:\Users\KIIT\Desktop\simulator-windows-64\IMG\center_2021_08_11_10_51_43_094.jpg, C:\Users\KIIT\Desktop\simulator-windows-64\IMG\left_2021_08_11_10_51_43_094.jpg, C:\Users\KIIT\Desktop\simulator-windows-64\IMG\right_2021_08_11_10_51_43_094.jpg, -1, 0, 0, 22.14069
C:\Users\KIIT\Desktop\simulator-windows-64\IMG\center_2021_08_11_10_51_43_217.jpg, C:\Users\KIIT\Desktop\simulator-windows-64\IMG\left_2021_08_11_10_51_43_217.jpg, C:\Users\KIIT\Desktop\simulator-windows-64\IMG\right_2021_08_11_10_51_43_217.jpg, -1, 0, 0, 21.72389
C:\Users\KIIT\Desktop\simulator-windows-64\IMG\center_2021_08_11_10_51_43_353.jpg, C:\Users\KIIT\Desktop\simulator-windows-64\IMG\left_2021_08_11_10_51_43_353.jpg, C:\Users\KIIT\Desktop\simulator-windows-64\IMG\right_2021_08_11_10_51_43_353.jpg, -1, 0, 0, 21.31664
C:\Users\KIIT\Desktop\simulator-windows-64\IMG\center_2021_08_11_10_51_43_494.jpg, C:\Users\KIIT\Desktop\simulator-windows-64\IMG\left_2021_08_11_10_51_43_494.jpg, C:\Users\KIIT\Desktop\simulator-windows-64\IMG\right_2021_08_11_10_51_43_494.jpg, -1, 0, 0, 20.87977
C:\Users\KIIT\Desktop\simulator-windows-64\IMG\center_2021_08_11_10_51_43_628.jpg, C:\Users\KIIT\Desktop\simulator-windows-64\IMG\left_2021_08_11_10_51_43_628.jpg, C:\Users\KIIT\Desktop\simulator-windows-64\IMG\right_2021_08_11_10_51_43_628.jpg, -1, 0, 0, 20.63073
C:\Users\KIIT\Desktop\simulator-windows-64\IMG\center_2021_08_11_10_51_43_766.jpg, C:\Users\KIIT\Desktop\simulator-windows-64\IMG\left_2021_08_11_10_51_43_766.jpg, C:\Users\KIIT\Desktop\simulator-windows-64\IMG\right_2021_08_11_10_51_43_766.jpg, -1, 0, 0, 20.02937
C:\Users\KIIT\Desktop\simulator-windows-64\IMG\center_2021_08_11_10_51_43_895.jpg, C:\Users\KIIT\Desktop\simulator-windows-64\IMG\left_2021_08_11_10_51_43_895.jpg, C:\Users\KIIT\Desktop\simulator-windows-64\IMG\right_2021_08_11_10_51_43_895.jpg, -1, 0, 0, 19.7213
C:\Users\KIIT\Desktop\simulator-windows-64\IMG\center_2021_08_11_10_51_44_013.jpg, C:\Users\KIIT\Desktop\simulator-windows-64\IMG\left_2021_08_11_10_51_44_013.jpg, C:\Users\KIIT\Desktop\simulator-windows-64\IMG\right_2021_08_11_10_51_44_013.jpg, -0.6447166, 0, 0, 19.58284
C:\Users\KIIT\Desktop\simulator-windows-64\IMG\center_2021_08_11_10_51_44_117.jpg, C:\Users\KIIT\Desktop\simulator-windows-64\IMG\left_2021_08_11_10_51_44_117.jpg, C:\Users\KIIT\Desktop\simulator-windows-64\IMG\right_2021_08_11_10_51_44_117.jpg, -0.3358174, 0, 0, 19.72306
C:\Users\KIIT\Desktop\simulator-windows-64\IMG\center_2021_08_11_10_51_44_230.jpg, C:\Users\KIIT\Desktop\simulator-windows-64\IMG\left_2021_08_11_10_51_44_230.jpg, C:\Users\KIIT\Desktop\simulator-windows-64\IMG\right_2021_08_11_10_51_44_230.jpg, 0.0645555, 0, 0, 19.44057
C:\Users\KIIT\Desktop\simulator-windows-64\IMG\center_2021_08_11_10_51_44_339.jpg, C:\Users\KIIT\Desktop\simulator-windows-64\IMG\left_2021_08_11_10_51_44_339.jpg, C:\Users\KIIT\Desktop\simulator-windows-64\IMG\right_2021_08_11_10_51_44_339.jpg, 0.3896634, 0, 0, 18.77791
C:\Users\KIIT\Desktop\simulator-windows-64\IMG\center_2021_08_11_10_51_44_441.jpg, C:\Users\KIIT\Desktop\simulator-windows-64\IMG\left_2021_08_11_10_51_44_441.jpg, C:\Users\KIIT\Desktop\simulator-windows-64\IMG\right_2021_08_11_10_51_44_441.jpg, 0.5118507, 0, 0, 18.70624
C:\Users\KIIT\Desktop\simulator-windows-64\IMG\center_2021_08_11_10_51_44_547.jpg, C:\Users\KIIT\Desktop\simulator-windows-64\IMG\left_2021_08_11_10_51_44_547.jpg, C:\Users\KIIT\Desktop\simulator-windows-64\IMG\right_2021_08_11_10_51_44_547.jpg, 0.3998718, 0, 0, 18.49862
C:\Users\KIIT\Desktop\simulator-windows-64\IMG\center_2021_08_11_10_51_44_654.jpg, C:\Users\KIIT\Desktop\simulator-windows-64\IMG\left_2021_08_11_10_51_44_654.jpg, C:\Users\KIIT\Desktop\simulator-windows-64\IMG\right_2021_08_11_10_51_44_654.jpg, 0.5258475, 0, 0, 7.797954
C:\Users\KIIT\Desktop\simulator-windows-64\IMG\center_2021_08_11_10_51_44_766.jpg, C:\Users\KIIT\Desktop\simulator-windows-64\IMG\left_2021_08_11_10_51_44_766.jpg, C:\Users\KIIT\Desktop\simulator-windows-64\IMG\right_2021_08_11_10_51_44_766.jpg, 0.8341266, 0, 0, 5.418621
C:\Users\KIIT\Desktop\simulator-windows-64\IMG\center_2021_08_11_10_51_44_863.jpg, C:\Users\KIIT\Desktop\simulator-windows-64\IMG\left_2021_08_11_10_51_44_863.jpg, C:\Users\KIIT\Desktop\simulator-windows-64\IMG\right_2021_08_11_10_51_44_863.jpg, 0.5303025, 0, 0, 4.041645
C:\Users\KIIT\Desktop\simulator-windows-64\IMG\center_2021_08_11_10_51_44_985.jpg, C:\Users\KIIT\Desktop\simulator-windows-64\IMG\left_2021_08_11_10_51_44_985.jpg, C:\Users\KIIT\Desktop\simulator-windows-64\IMG\right_2021_08_11_10_51_44_985.jpg, 0.1543332, 0, 0, 2.231659
C:\Users\KIIT\Desktop\simulator-windows-64\IMG\center_2021_08_11_10_51_45_102.jpg, C:\Users\KIIT\Desktop\simulator-windows-64\IMG\left_2021_08_11_10_51_45_102.jpg, C:\Users\KIIT\Desktop\simulator-windows-64\IMG\right_2021_08_11_10_51_45_102.jpg, 0, 0, 0, 0.9251088
C:\Users\KIIT\Desktop\simulator-windows-64\IMG\center_2021_08_11_10_51_45_203.jpg, C:\Users\KIIT\Desktop\simulator-windows-64\IMG\left_2021_08_11_10_51_45_203.jpg, C:\Users\KIIT\Desktop\simulator-windows-64\IMG\right_2021_08_11_10_51_45_203.jpg, 0, 0, 0, 0.07521337
C:\Users\KIIT\Desktop\simulator-windows-64\IMG\center_2021_08_11_10_51_45_314.jpg, C:\Users\KIIT\Desktop\simulator-windows-64\IMG\left_2021_08_11_10_51_45_314.jpg, C:\Users\KIIT\Desktop\simulator-windows-64\IMG\right_2021_08_11_10_51_45_314.jpg, 0.3353319, 0, 0, 0.0625393
C:\Users\KIIT\Desktop\simulator-windows-64\IMG\center_2021_08_11_10_51_45_419.jpg, C:\Users\KIIT\Desktop\simulator-windows-64\IMG\left_2021_08_11_10_51_45_419.jpg, C:\Users\KIIT\Desktop\simulator-windows-64\IMG\right_2021_08_11_10_51_45_419.jpg, 0.01814282, 0, 0, 0.02966112
C:\Users\KIIT\Desktop\simulator-windows-64\IMG\center_2021_08_11_10_51_45_537.jpg, C:\Users\KIIT\Desktop\simulator-windows-64\IMG\left_2021_08_11_10_51_45_537.jpg, C:\Users\KIIT\Desktop\simulator-windows-64\IMG\right_2021_08_11_10_51_45_537.jpg, 0, 0, 0, 0.006098335
C:\Users\KIIT\Desktop\simulator-windows-64\IMG\center_2021_08_11_10_51_45_641.jpg, C:\Users\KIIT\Desktop\simulator-windows-64\IMG\left_2021_08_11_10_51_45_641.jpg, C:\Users\KIIT\Desktop\simulator-windows-64\IMG\right_2021_08_11_10_51_45_641.jpg, 0, 0, 0, 0.002017947
C:\Users\KIIT\Desktop\simulator-windows-64\IMG\center_2021_08_11_10_51_45_747.jpg, C:\Users\KIIT\Desktop\simulator-windows-64\IMG\left_2021_08_11_10_51_45_747.jpg, C:\Users\KIIT\Desktop\simulator-windows-64\IMG\right_2021_08_11_10_51_45_747.jpg, 0, 0.0578703, 0, 0.01127059
C:\Users\KIIT\Desktop\simulator-windows-64\IMG\center_2021_08_11_10_51_45_867.jpg, C:\Users\KIIT\Desktop\simulator-windows-64\IMG\left_2021_08_11_10_51_45_867.jpg, C:\Users\KIIT\Desktop\simulator-windows-64\IMG\right_2021_08_11_10_51_45_867.jpg, 0, 0.4140747, 0, 0.05585821
C:\Users\KIIT\Desktop\simulator-windows-64\IMG\center_2021_08_11_10_51_45_975.jpg, C:\Users\KIIT\Desktop\simulator-windows-64\IMG\left_2021_08_11_10_51_45_975.jpg, C:\Users\KIIT\Desktop\simulator-windows-64\IMG\right_2021_08_11_10_51_45_975.jpg, 0, 0.7348635, 0, 0.09365728
C:\Users\KIIT\Desktop\simulator-windows-64\IMG\center_2021_08_11_10_51_46_093.jpg, C:\Users\KIIT\Desktop\simulator-windows-64\IMG\left_2021_08_11_10_51_46_093.jpg, C:\Users\KIIT\Desktop\simulator-windows-64\IMG\right_2021_08_11_10_51_46_093.jpg, 0, 1, 0, 0.1114861
C:\Users\KIIT\Desktop\simulator-windows-64\IMG\center_2021_08_11_10_51_46_205.jpg, C:\Users\KIIT\Desktop\simulator-windows-64\IMG\left_2021_08_11_10_51_46_205.jpg, C:\Users\KIIT\Desktop\simulator-windows-64\IMG\right_2021_08_11_10_51_46_205.jpg, 0, 0.9415006, 0, 0.1167193
C:\Users\KIIT\Desktop\simulator-windows-64\IMG\center_2021_08_11_10_51_46_304.jpg, C:\Users\KIIT\Desktop\simulator-windows-64\IMG\left_2021_08_11_10_51_46_304.jpg, C:\Users\KIIT\Desktop\simulator-windows-64\IMG\right_2021_08_11_10_51_46_304.jpg, 0, 0.6350536, 0, 0.06219571
C:\Users\KIIT\Desktop\simulator-windows-64\IMG\center_2021_08_11_10_51_46_409.jpg, C:\Users\KIIT\Desktop\simulator-windows-64\IMG\left_2021_08_11_10_51_46_409.jpg, C:\Users\KIIT\Desktop\simulator-windows-64\IMG\right_2021_08_11_10_51_46_409.jpg, 0, 0.3325288, 0, 0.05253801
C:\Users\KIIT\Desktop\simulator-windows-64\IMG\center_2021_08_11_10_51_46_509.jpg, C:\Users\KIIT\Desktop\simulator-windows-64\IMG\left_2021_08_11_10_51_46_509.jpg, C:\Users\KIIT\Desktop\simulator-windows-64\IMG\right_2021_08_11_10_51_46_509.jpg, 0, 0.02461844, 0, 0.02702191
C:\Users\KIIT\Desktop\simulator-windows-64\IMG\center_2021_08_11_10_51_46_617.jpg, C:\Users\KIIT\Desktop\simulator-windows-64\IMG\left_2021_08_11_10_51_46_617.jpg, C:\Users\KIIT\Desktop\simulator-windows-64\IMG\right_2021_08_11_10_51_46_617.jpg, 0, 0, 0, 0.01209423
C:\Users\KIIT\Desktop\simulator-windows-64\IMG\center_2021_08_11_10_51_46_724.jpg, C:\Users\KIIT\Desktop\simulator-windows-64\IMG\left_2021_08_11_10_51_46_724.jpg, C:\Users\KIIT\Desktop\simulator-windows-64\IMG\right_2021_08_11_10_51_46_724.jpg, 0, 0, 0, 0.007047149
C:\Users\KIIT\Desktop\simulator-windows-64\IMG\center_2021_08_11_10_51_46_840.jpg, C:\Users\KIIT\Desktop\simulator-windows-64\IMG\left_2021_08_11_10_51_46_840.jpg, C:\Users\KIIT\Desktop\simulator-windows-64\IMG\right_2021_08_11_10_51_46_840.jpg, 0, 0, 0, 0.006360144
C:\Users\KIIT\Desktop\simulator-windows-64\IMG\center_2021_08_11_10_51_46_948.jpg, C:\Users\KIIT\Desktop\simulator-windows-64\IMG\left_2021_08_11_10_51_46_948.jpg, C:\Users\KIIT\Desktop\simulator-windows-64\IMG\right_2021_08_11_10_51_46_948.jpg, 0, 0, 0, 0.006267435
C:\Users\KIIT\Desktop\simulator-windows-64\IMG\center_2021_08_11_10_51_47_066.jpg, C:\Users\KIIT\Desktop\simulator-windows-64\IMG\left_2021_08_11_10_51_47_066.jpg, C:\Users\KIIT\Desktop\simulator-windows-64\IMG\right_2021_08_11_10_51_47_066.jpg, 0, 0, 0, 0.006185276
C:\Users\KIIT\Desktop\simulator-windows-64\IMG\center_2021_08_11_10_51_47_194.jpg, C:\Users\KIIT\Desktop\simulator-windows-64\IMG\left_2021_08_11_10_51_47_194.jpg, C:\Users\KIIT\Desktop\simulator-windows-64\IMG\right_2021_08_11_10_51_47_194.jpg, 0, 0, 0, 0.006104529
C:\Users\KIIT\Desktop\simulator-windows-64\IMG\center_2021_08_11_10_51_47_320.jpg, C:\Users\KIIT\Desktop\simulator-windows-64\IMG\left_2021_08_11_10_51_47_320.jpg, C:\Users\KIIT\Desktop\simulator-windows-64\IMG\right_2021_08_11_10_51_47_320.jpg, 0, 0, 0, 0.00602621
C:\Users\KIIT\Desktop\simulator-windows-64\IMG\center_2021_08_11_10_51_47_438.jpg, C:\Users\KIIT\Desktop\simulator-windows-64\IMG\left_2021_08_11_10_51_47_438.jpg, C:\Users\KIIT\Desktop\simulator-windows-64\IMG\right_2021_08_11_10_51_47_438.jpg, 0, 0, 0, 0.005949088
C:\Users\KIIT\Desktop\simulator-windows-64\IMG\center_2021_08_11_10_51_47_545.jpg, C:\Users\KIIT\Desktop\simulator-windows-64\IMG\left_2021_08_11_10_51_47_545.jpg, C:\Users\KIIT\Desktop\simulator-windows-64\IMG\right_2021_08_11_10_51_47_545.jpg, 0, 0, 0, 2.96856E-05
C:\Users\KIIT\Desktop\simulator-windows-64\IMG\center_2021_08_12_17_15_55_594.jpg, C:\Users\KIIT\Desktop\simulator-windows-64\IMG\left_2021_08_12_17_15_55_594.jpg, C:\Users\KIIT\Desktop\simulator-windows-64\IMG\right_2021_08_12_17_15_55_594.jpg, 0, 0, 0, 7.895819E-05
C:\Users\KIIT\Desktop\simulator-windows-64\IMG\center_2021_08_12_17_15_55_742.jpg, C:\Users\KIIT\Desktop\simulator-windows-64\IMG\left_2021_08_12_17_15_55_742.jpg, C:\Users\KIIT\Desktop\simulator-windows-64\IMG\right_2021_08_12_17_15_55_742.jpg, 0, 0, 0, 8.170406E-05
C:\Users\KIIT\Desktop\simulator-windows-64\IMG\center_2021_08_12_17_15_55_849.jpg, C:\Users\KIIT\Desktop\simulator-windows-64\IMG\left_2021_08_12_17_15_55_849.jpg, C:\Users\KIIT\Desktop\simulator-windows-64\IMG\right_2021_08_12_17_15_55_849.jpg, 0, 0, 0, 7.898246E-05
C:\Users\KIIT\Desktop\simulator-windows-64\IMG\center_2021_08_12_17_15_55_968.jpg, C:\Users\KIIT\Desktop\simulator-windows-64\IMG\left_2021_08_12_17_15_55_968.jpg, C:\Users\KIIT\Desktop\simulator-windows-64\IMG\right_2021_08_12_17_15_55_968.jpg, 0, 0, 0, 7.784615E-05
C:\Users\KIIT\Desktop\simulator-windows-64\IMG\center_2021_08_12_17_15_56_077.jpg, C:\Users\KIIT\Desktop\simulator-windows-64\IMG\left_2021_08_12_17_15_56_077.jpg, C:\Users\KIIT\Desktop\simulator-windows-64\IMG\right_2021_08_12_17_15_56_077.jpg, 0, 0, 0, 7.820662E-05
C:\Users\KIIT\Desktop\simulator-windows-64\IMG\center_2021_08_12_17_15_56_201.jpg, C:\Users\KIIT\Desktop\simulator-windows-64\IMG\left_2021_08_12_17_15_56_201.jpg, C:\Users\KIIT\Desktop\simulator-windows-64\IMG\right_2021_08_12_17_15_56_201.jpg, 0, 0, 0, 7.806314E-05
C:\Users\KIIT\Desktop\simulator-windows-64\IMG\center_2021_08_12_17_15_56_300.jpg, C:\Users\KIIT\Desktop\simulator-windows-64\IMG\left_2021_08_12_17_15_56_300.jpg, C:\Users\KIIT\Desktop\simulator-windows-64\IMG\right_2021_08_12_17_15_56_300.jpg, 0, 0, 0, 7.82174E-05
C:\Users\KIIT\Desktop\simulator-windows-64\IMG\center_2021_08_12_17_15_56_412.jpg, C:\Users\KIIT\Desktop\simulator-windows-64\IMG\left_2021_08_12_17_15_56_412.jpg, C:\Users\KIIT\Desktop\simulator-windows-64\IMG\right_2021_08_12_17_15_56_412.jpg, 0, 0, 0, 7.954866E-05
C:\Users\KIIT\Desktop\simulator-windows-64\IMG\center_2021_08_12_17_15_56_518.jpg, C:\Users\KIIT\Desktop\simulator-windows-64\IMG\left_2021_08_12_17_15_56_518.jpg, C:\Users\KIIT\Desktop\simulator-windows-64\IMG\right_2021_08_12_17_15_56_518.jpg, 0, 0, 0, 7.898117E-05
C:\Users\KIIT\Desktop\simulator-windows-64\IMG\center_2021_08_12_17_15_56_621.jpg, C:\Users\KIIT\Desktop\simulator-windows-64\IMG\left_2021_08_12_17_15_56_621.jpg, C:\Users\KIIT\Desktop\simulator-windows-64\IMG\right_2021_08_12_17_15_56_621.jpg, 0, 0, 0, 7.826174E-05
C:\Users\KIIT\Desktop\simulator-windows-64\IMG\center_2021_08_12_17_15_56_723.jpg, C:\Users\KIIT\Desktop\simulator-windows-64\IMG\left_2021_08_12_17_15_56_723.jpg, C:\Users\KIIT\Desktop\simulator-windows-64\IMG\right_2021_08_12_17_15_56_723.jpg, 0, 0, 0, 7.968652E-05
C:\Users\KIIT\Desktop\simulator-windows-64\IMG\center_2021_08_12_17_15_56_843.jpg, C:\Users\KIIT\Desktop\simulator-windows-64\IMG\left_2021_08_12_17_15_56_843.jpg, C:\Users\KIIT\Desktop\simulator-windows-64\IMG\right_2021_08_12_17_15_56_843.jpg, 0, 0, 0, 7.794787E-05
C:\Users\KIIT\Desktop\simulator-windows-64\IMG\center_2021_08_12_17_15_56_962.jpg, C:\Users\KIIT\Desktop\simulator-windows-64\IMG\left_2021_08_12_17_15_56_962.jpg, C:\Users\KIIT\Desktop\simulator-windows-64\IMG\right_2021_08_12_17_15_56_962.jpg, 0, 0, 0, 7.838797E-05
C:\Users\KIIT\Desktop\simulator-windows-64\IMG\center_2021_08_12_17_15_57_077.jpg, C:\Users\KIIT\Desktop\simulator-windows-64\IMG\left_2021_08_12_17_15_57_077.jpg, C:\Users\KIIT\Desktop\simulator-windows-64\IMG\right_2021_08_12_17_15_57_077.jpg, 0, 0, 0, 7.825605E-05
C:\Users\KIIT\Desktop\simulator-windows-64\IMG\center_2021_08_12_17_15_57_179.jpg, C:\Users\KIIT\Desktop\simulator-windows-64\IMG\left_2021_08_12_17_15_57_179.jpg, C:\Users\KIIT\Desktop\simulator-windows-64\IMG\right_2021_08_12_17_15_57_179.jpg, 0, 0, 0, 7.837004E-05
C:\Users\KIIT\Desktop\simulator-windows-64\IMG\center_2021_08_12_17_15_57_284.jpg, C:\Users\KIIT\Desktop\simulator-windows-64\IMG\left_2021_08_12_17_15_57_284.jpg, C:\Users\KIIT\Desktop\simulator-windows-64\IMG\right_2021_08_12_17_15_57_284.jpg, 0, 0, 0, 7.83373E-05
C:\Users\KIIT\Desktop\simulator-windows-64\IMG\center_2021_08_12_17_15_57_400.jpg, C:\Users\KIIT\Desktop\simulator-windows-64\IMG\left_2021_08_12_17_15_57_400.jpg, C:\Users\KIIT\Desktop\simulator-windows-64\IMG\right_2021_08_12_17_15_57_400.jpg, 0, 0, 0, 7.819234E-05
C:\Users\KIIT\Desktop\simulator-windows-64\IMG\center_2021_08_12_17_15_57_513.jpg, C:\Users\KIIT\Desktop\simulator-windows-64\IMG\left_2021_08_12_17_15_57_513.jpg, C:\Users\KIIT\Desktop\simulator-windows-64\IMG\right_2021_08_12_17_15_57_513.jpg, 0, 0, 0, 7.796946E-05
C:\Users\KIIT\Desktop\simulator-windows-64\IMG\center_2021_08_12_17_15_57_630.jpg, C:\Users\KIIT\Desktop\simulator-windows-64\IMG\left_2021_08_12_17_15_57_630.jpg, C:\Users\KIIT\Desktop\simulator-windows-64\IMG\right_2021_08_12_17_15_57_630.jpg, 0, 0.3512334, 0, 0.3734406
C:\Users\KIIT\Desktop\simulator-windows-64\IMG\center_2021_08_12_17_15_57_756.jpg, C:\Users\KIIT\Desktop\simulator-windows-64\IMG\left_2021_08_12_17_15_57_756.jpg, C:\Users\KIIT\Desktop\simulator-windows-64\IMG\right_2021_08_12_17_15_57_756.jpg, 0, 0.7154163, 0, 1.181926
C:\Users\KIIT\Desktop\simulator-windows-64\IMG\center_2021_08_12_17_15_57_883.jpg, C:\Users\KIIT\Desktop\simulator-windows-64\IMG\left_2021_08_12_17_15_57_883.jpg, C:\Users\KIIT\Desktop\simulator-windows-64\IMG\right_2021_08_12_17_15_57_883.jpg, -0.3473013, 0.368115, 0, 1.73347
C:\Users\KIIT\Desktop\simulator-windows-64\IMG\center_2021_08_12_17_15_57_979.jpg, C:\Users\KIIT\Desktop\simulator-windows-64\IMG\left_2021_08_12_17_15_57_979.jpg, C:\Users\KIIT\Desktop\simulator-windows-64\IMG\right_2021_08_12_17_15_57_979.jpg, -0.0100809, 0.7053354, 0, 2.597298
C:\Users\KIIT\Desktop\simulator-windows-64\IMG\center_2021_08_12_17_15_58_101.jpg, C:\Users\KIIT\Desktop\simulator-windows-64\IMG\left_2021_08_12_17_15_58_101.jpg, C:\Users\KIIT\Desktop\simulator-windows-64\IMG\right_2021_08_12_17_15_58_101.jpg, 0, 1, 0, 4.002696
C:\Users\KIIT\Desktop\simulator-windows-64\IMG\center_2021_08_12_17_15_58_202.jpg, C:\Users\KIIT\Desktop\simulator-windows-64\IMG\left_2021_08_12_17_15_58_202.jpg, C:\Users\KIIT\Desktop\simulator-windows-64\IMG\right_2021_08_12_17_15_58_202.jpg, 0, 1, 0, 5.168694
C:\Users\KIIT\Desktop\simulator-windows-64\IMG\center_2021_08_12_17_15_58_302.jpg, C:\Users\KIIT\Desktop\simulator-windows-64\IMG\left_2021_08_12_17_15_58_302.jpg, C:\Users\KIIT\Desktop\simulator-windows-64\IMG\right_2021_08_12_17_15_58_302.jpg, 0, 1, 0, 6.323123
C:\Users\KIIT\Desktop\simulator-windows-64\IMG\center_2021_08_12_17_15_58_406.jpg, C:\Users\KIIT\Desktop\simulator-windows-64\IMG\left_2021_08_12_17_15_58_406.jpg, C:\Users\KIIT\Desktop\simulator-windows-64\IMG\right_2021_08_12_17_15_58_406.jpg, 0, 1, 0, 7.46636
C:\Users\KIIT\Desktop\simulator-windows-64\IMG\center_2021_08_12_17_15_58_515.jpg, C:\Users\KIIT\Desktop\simulator-windows-64\IMG\left_2021_08_12_17_15_58_515.jpg, C:\Users\KIIT\Desktop\simulator-windows-64\IMG\right_2021_08_12_17_15_58_515.jpg, 0, 1, 0, 8.598504
C:\Users\KIIT\Desktop\simulator-windows-64\IMG\center_2021_08_12_17_15_58_626.jpg, C:\Users\KIIT\Desktop\simulator-windows-64\IMG\left_2021_08_12_17_15_58_626.jpg, C:\Users\KIIT\Desktop\simulator-windows-64\IMG\right_2021_08_12_17_15_58_626.jpg, -0.0739149, 1, 0, 9.941349
C:\Users\KIIT\Desktop\simulator-windows-64\IMG\center_2021_08_12_17_15_58_745.jpg, C:\Users\KIIT\Desktop\simulator-windows-64\IMG\left_2021_08_12_17_15_58_745.jpg, C:\Users\KIIT\Desktop\simulator-windows-64\IMG\right_2021_08_12_17_15_58_745.jpg, -0.3044713, 1, 0, 11.20917
C:\Users\KIIT\Desktop\simulator-windows-64\IMG\center_2021_08_12_17_15_58_851.jpg, C:\Users\KIIT\Desktop\simulator-windows-64\IMG\left_2021_08_12_17_15_58_851.jpg, C:\Users\KIIT\Desktop\simulator-windows-64\IMG\right_2021_08_12_17_15_58_851.jpg, 0, 1, 0, 12.05681
C:\Users\KIIT\Desktop\simulator-windows-64\IMG\center_2021_08_12_17_15_58_971.jpg, C:\Users\KIIT\Desktop\simulator-windows-64\IMG\left_2021_08_12_17_15_58_971.jpg, C:\Users\KIIT\Desktop\simulator-windows-64\IMG\right_2021_08_12_17_15_58_971.jpg, -0.3609833, 1, 0, 13.53079
C:\Users\KIIT\Desktop\simulator-windows-64\IMG\center_2021_08_12_17_15_59_100.jpg, C:\Users\KIIT\Desktop\simulator-windows-64\IMG\left_2021_08_12_17_15_59_100.jpg, C:\Users\KIIT\Desktop\simulator-windows-64\IMG\right_2021_08_12_17_15_59_100.jpg, -0.02802926, 1, 0, 14.78156
C:\Users\KIIT\Desktop\simulator-windows-64\IMG\center_2021_08_12_17_15_59_233.jpg, C:\Users\KIIT\Desktop\simulator-windows-64\IMG\left_2021_08_12_17_15_59_233.jpg, C:\Users\KIIT\Desktop\simulator-windows-64\IMG\right_2021_08_12_17_15_59_233.jpg, 0, 1, 0, 16.33814
C:\Users\KIIT\Desktop\simulator-windows-64\IMG\center_2021_08_12_17_15_59_335.jpg, C:\Users\KIIT\Desktop\simulator-windows-64\IMG\left_2021_08_12_17_15_59_335.jpg, C:\Users\KIIT\Desktop\simulator-windows-64\IMG\right_2021_08_12_17_15_59_335.jpg, 0, 1, 0, 17.3371
C:\Users\KIIT\Desktop\simulator-windows-64\IMG\center_2021_08_12_17_15_59_458.jpg, C:\Users\KIIT\Desktop\simulator-windows-64\IMG\left_2021_08_12_17_15_59_458.jpg, C:\Users\KIIT\Desktop\simulator-windows-64\IMG\right_2021_08_12_17_15_59_458.jpg, 0, 1, 0, 18.81171
C:\Users\KIIT\Desktop\simulator-windows-64\IMG\center_2021_08_12_17_15_59_562.jpg, C:\Users\KIIT\Desktop\simulator-windows-64\IMG\left_2021_08_12_17_15_59_562.jpg, C:\Users\KIIT\Desktop\simulator-windows-64\IMG\right_2021_08_12_17_15_59_562.jpg, -0.05972939, 1, 0, 19.81826
C:\Users\KIIT\Desktop\simulator-windows-64\IMG\center_2021_08_12_17_15_59_664.jpg, C:\Users\KIIT\Desktop\simulator-windows-64\IMG\left_2021_08_12_17_15_59_664.jpg, C:\Users\KIIT\Desktop\simulator-windows-64\IMG\right_2021_08_12_17_15_59_664.jpg, -0.2204424, 1, 0, 20.76515
C:\Users\KIIT\Desktop\simulator-windows-64\IMG\center_2021_08_12_17_15_59_780.jpg, C:\Users\KIIT\Desktop\simulator-windows-64\IMG\left_2021_08_12_17_15_59_780.jpg, C:\Users\KIIT\Desktop\simulator-windows-64\IMG\right_2021_08_12_17_15_59_780.jpg, 0, 1, 0, 21.94479
C:\Users\KIIT\Desktop\simulator-windows-64\IMG\center_2021_08_12_17_15_59_897.jpg, C:\Users\KIIT\Desktop\simulator-windows-64\IMG\left_2021_08_12_17_15_59_897.jpg, C:\Users\KIIT\Desktop\simulator-windows-64\IMG\right_2021_08_12_17_15_59_897.jpg, -0.3490581, 1, 0, 23.04573
C:\Users\KIIT\Desktop\simulator-windows-64\IMG\center_2021_08_12_17_16_00_023.jpg, C:\Users\KIIT\Desktop\simulator-windows-64\IMG\left_2021_08_12_17_16_00_023.jpg, C:\Users\KIIT\Desktop\simulator-windows-64\IMG\right_2021_08_12_17_16_00_023.jpg, -0.726321, 1, 0, 23.89842
C:\Users\KIIT\Desktop\simulator-windows-64\IMG\center_2021_08_12_17_16_00_128.jpg, C:\Users\KIIT\Desktop\simulator-windows-64\IMG\left_2021_08_12_17_16_00_128.jpg, C:\Users\KIIT\Desktop\simulator-windows-64\IMG\right_2021_08_12_17_16_00_128.jpg, -0.4139093, 1, 0, 24.87511
C:\Users\KIIT\Desktop\simulator-windows-64\IMG\center_2021_08_12_17_16_00_239.jpg, C:\Users\KIIT\Desktop\simulator-windows-64\IMG\left_2021_08_12_17_16_00_239.jpg, C:\Users\KIIT\Desktop\simulator-windows-64\IMG\right_2021_08_12_17_16_00_239.jpg, -0.754106, 1, 0, 25.81546
C:\Users\KIIT\Desktop\simulator-windows-64\IMG\center_2021_08_12_17_16_00_371.jpg, C:\Users\KIIT\Desktop\simulator-windows-64\IMG\left_2021_08_12_17_16_00_371.jpg, C:\Users\KIIT\Desktop\simulator-windows-64\IMG\right_2021_08_12_17_16_00_371.jpg, -1, 1, 0, 26.51389
C:\Users\KIIT\Desktop\simulator-windows-64\IMG\center_2021_08_12_17_16_00_473.jpg, C:\Users\KIIT\Desktop\simulator-windows-64\IMG\left_2021_08_12_17_16_00_473.jpg, C:\Users\KIIT\Desktop\simulator-windows-64\IMG\right_2021_08_12_17_16_00_473.jpg, -0.6970033, 0.6970033, 0, 27.16951
C:\Users\KIIT\Desktop\simulator-windows-64\IMG\center_2021_08_12_17_16_00_572.jpg, C:\Users\KIIT\Desktop\simulator-windows-64\IMG\left_2021_08_12_17_16_00_572.jpg, C:\Users\KIIT\Desktop\simulator-windows-64\IMG\right_2021_08_12_17_16_00_572.jpg, -0.3952477, 0.3952477, 0, 27.573
C:\Users\KIIT\Desktop\simulator-windows-64\IMG\center_2021_08_12_17_16_00_682.jpg, C:\Users\KIIT\Desktop\simulator-windows-64\IMG\left_2021_08_12_17_16_00_682.jpg, C:\Users\KIIT\Desktop\simulator-windows-64\IMG\right_2021_08_12_17_16_00_682.jpg, -0.06694931, 0.7235461, 0, 28.145
C:\Users\KIIT\Desktop\simulator-windows-64\IMG\center_2021_08_12_17_16_00_818.jpg, C:\Users\KIIT\Desktop\simulator-windows-64\IMG\left_2021_08_12_17_16_00_818.jpg, C:\Users\KIIT\Desktop\simulator-windows-64\IMG\right_2021_08_12_17_16_00_818.jpg, 0, 1, 0, 29.32116
C:\Users\KIIT\Desktop\simulator-windows-64\IMG\center_2021_08_12_17_16_00_931.jpg, C:\Users\KIIT\Desktop\simulator-windows-64\IMG\left_2021_08_12_17_16_00_931.jpg, C:\Users\KIIT\Desktop\simulator-windows-64\IMG\right_2021_08_12_17_16_00_931.jpg, 0, 0.8921542, 0, 30.14912
C:\Users\KIIT\Desktop\simulator-windows-64\IMG\center_2021_08_12_17_16_01_039.jpg, C:\Users\KIIT\Desktop\simulator-windows-64\IMG\left_2021_08_12_17_16_01_039.jpg, C:\Users\KIIT\Desktop\simulator-windows-64\IMG\right_2021_08_12_17_16_01_039.jpg, 0, 0.5694782, 0, 30.07083
C:\Users\KIIT\Desktop\simulator-windows-64\IMG\center_2021_08_12_17_16_01_168.jpg, C:\Users\KIIT\Desktop\simulator-windows-64\IMG\left_2021_08_12_17_16_01_168.jpg, C:\Users\KIIT\Desktop\simulator-windows-64\IMG\right_2021_08_12_17_16_01_168.jpg, 0, 0.1824178, 0, 29.96376
C:\Users\KIIT\Desktop\simulator-windows-64\IMG\center_2021_08_12_17_16_01_269.jpg, C:\Users\KIIT\Desktop\simulator-windows-64\IMG\left_2021_08_12_17_16_01_269.jpg, C:\Users\KIIT\Desktop\simulator-windows-64\IMG\right_2021_08_12_17_16_01_269.jpg, 0.1160769, 0, 0, 29.68028
C:\Users\KIIT\Desktop\simulator-windows-64\IMG\center_2021_08_12_17_16_01_381.jpg, C:\Users\KIIT\Desktop\simulator-windows-64\IMG\left_2021_08_12_17_16_01_381.jpg, C:\Users\KIIT\Desktop\simulator-windows-64\IMG\right_2021_08_12_17_16_01_381.jpg, 0.4511706, 0, 0, 28.97956
C:\Users\KIIT\Desktop\simulator-windows-64\IMG\center_2021_08_12_17_16_01_487.jpg, C:\Users\KIIT\Desktop\simulator-windows-64\IMG\left_2021_08_12_17_16_01_487.jpg, C:\Users\KIIT\Desktop\simulator-windows-64\IMG\right_2021_08_12_17_16_01_487.jpg, 0.5768193, 0, 0, 28.48444
C:\Users\KIIT\Desktop\simulator-windows-64\IMG\center_2021_08_12_17_16_01_614.jpg, C:\Users\KIIT\Desktop\simulator-windows-64\IMG\left_2021_08_12_17_16_01_614.jpg, C:\Users\KIIT\Desktop\simulator-windows-64\IMG\right_2021_08_12_17_16_01_614.jpg, 0.9604596, 0, 0, 27.76824
C:\Users\KIIT\Desktop\simulator-windows-64\IMG\center_2021_08_12_17_16_01_726.jpg, C:\Users\KIIT\Desktop\simulator-windows-64\IMG\left_2021_08_12_17_16_01_726.jpg, C:\Users\KIIT\Desktop\simulator-windows-64\IMG\right_2021_08_12_17_16_01_726.jpg, 0.6250057, 0, 0, 27.43737
C:\Users\KIIT\Desktop\simulator-windows-64\IMG\center_2021_08_12_17_16_01_845.jpg, C:\Users\KIIT\Desktop\simulator-windows-64\IMG\left_2021_08_12_17_16_01_845.jpg, C:\Users\KIIT\Desktop\simulator-windows-64\IMG\right_2021_08_12_17_16_01_845.jpg, 0.2661418, 0, 0, 27.18157
C:\Users\KIIT\Desktop\simulator-windows-64\IMG\center_2021_08_12_17_16_01_957.jpg, C:\Users\KIIT\Desktop\simulator-windows-64\IMG\left_2021_08_12_17_16_01_957.jpg, C:\Users\KIIT\Desktop\simulator-windows-64\IMG\right_2021_08_12_17_16_01_957.jpg, 0, 0, 0, 26.7317
C:\Users\KIIT\Desktop\simulator-windows-64\IMG\center_2021_08_12_17_16_02_081.jpg, C:\Users\KIIT\Desktop\simulator-windows-64\IMG\left_2021_08_12_17_16_02_081.jpg, C:\Users\KIIT\Desktop\simulator-windows-64\IMG\right_2021_08_12_17_16_02_081.jpg, 0, 0, 0, 26.38659
C:\Users\KIIT\Desktop\simulator-windows-64\IMG\center_2021_08_12_17_16_02_185.jpg, C:\Users\KIIT\Desktop\simulator-windows-64\IMG\left_2021_08_12_17_16_02_185.jpg, C:\Users\KIIT\Desktop\simulator-windows-64\IMG\right_2021_08_12_17_16_02_185.jpg, 0, 0, 0, 26.12533
C:\Users\KIIT\Desktop\simulator-windows-64\IMG\center_2021_08_12_17_16_02_306.jpg, C:\Users\KIIT\Desktop\simulator-windows-64\IMG\left_2021_08_12_17_16_02_306.jpg, C:\Users\KIIT\Desktop\simulator-windows-64\IMG\right_2021_08_12_17_16_02_306.jpg, 0, 0.3633921, 0, 26.13089
C:\Users\KIIT\Desktop\simulator-windows-64\IMG\center_2021_08_12_17_16_02_416.jpg, C:\Users\KIIT\Desktop\simulator-windows-64\IMG\left_2021_08_12_17_16_02_416.jpg, C:\Users\KIIT\Desktop\simulator-windows-64\IMG\right_2021_08_12_17_16_02_416.jpg, 0, 0.03418833, 0, 26.05634
C:\Users\KIIT\Desktop\simulator-windows-64\IMG\center_2021_08_12_17_16_02_525.jpg, C:\Users\KIIT\Desktop\simulator-windows-64\IMG\left_2021_08_12_17_16_02_525.jpg, C:\Users\KIIT\Desktop\simulator-windows-64\IMG\right_2021_08_12_17_16_02_525.jpg, -0.3250362, 0, 0, 25.64208
C:\Users\KIIT\Desktop\simulator-windows-64\IMG\center_2021_08_12_17_16_02_633.jpg, C:\Users\KIIT\Desktop\simulator-windows-64\IMG\left_2021_08_12_17_16_02_633.jpg, C:\Users\KIIT\Desktop\simulator-windows-64\IMG\right_2021_08_12_17_16_02_633.jpg, -0.6537795, 0, 0, 25.13876
C:\Users\KIIT\Desktop\simulator-windows-64\IMG\center_2021_08_12_17_16_02_735.jpg, C:\Users\KIIT\Desktop\simulator-windows-64\IMG\left_2021_08_12_17_16_02_735.jpg, C:\Users\KIIT\Desktop\simulator-windows-64\IMG\right_2021_08_12_17_16_02_735.jpg, -0.8117652, 0, 0, 24.49084
C:\Users\KIIT\Desktop\simulator-windows-64\IMG\center_2021_08_12_17_16_02_840.jpg, C:\Users\KIIT\Desktop\simulator-windows-64\IMG\left_2021_08_12_17_16_02_840.jpg, C:\Users\KIIT\Desktop\simulator-windows-64\IMG\right_2021_08_12_17_16_02_840.jpg, -0.5008395, 0, 0, 24.20282
C:\Users\KIIT\Desktop\simulator-windows-64\IMG\center_2021_08_12_17_16_02_944.jpg, C:\Users\KIIT\Desktop\simulator-windows-64\IMG\left_2021_08_12_17_16_02_944.jpg, C:\Users\KIIT\Desktop\simulator-windows-64\IMG\right_2021_08_12_17_16_02_944.jpg, -0.18762, 0, 0, 23.98996
C:\Users\KIIT\Desktop\simulator-windows-64\IMG\center_2021_08_12_17_16_03_069.jpg, C:\Users\KIIT\Desktop\simulator-windows-64\IMG\left_2021_08_12_17_16_03_069.jpg, C:\Users\KIIT\Desktop\simulator-windows-64\IMG\right_2021_08_12_17_16_03_069.jpg, 0, 0, 0, 23.66193
C:\Users\KIIT\Desktop\simulator-windows-64\IMG\center_2021_08_12_17_16_03_175.jpg, C:\Users\KIIT\Desktop\simulator-windows-64\IMG\left_2021_08_12_17_16_03_175.jpg, C:\Users\KIIT\Desktop\simulator-windows-64\IMG\right_2021_08_12_17_16_03_175.jpg, 0, 0, 0, 23.42312
C:\Users\KIIT\Desktop\simulator-windows-64\IMG\center_2021_08_12_17_16_03_281.jpg, C:\Users\KIIT\Desktop\simulator-windows-64\IMG\left_2021_08_12_17_16_03_281.jpg, C:\Users\KIIT\Desktop\simulator-windows-64\IMG\right_2021_08_12_17_16_03_281.jpg, 0, 0.318858, 0, 23.49976
C:\Users\KIIT\Desktop\simulator-windows-64\IMG\center_2021_08_12_17_16_03_392.jpg, C:\Users\KIIT\Desktop\simulator-windows-64\IMG\left_2021_08_12_17_16_03_392.jpg, C:\Users\KIIT\Desktop\simulator-windows-64\IMG\right_2021_08_12_17_16_03_392.jpg, 0, 0.6520245, 0, 23.86705
C:\Users\KIIT\Desktop\simulator-windows-64\IMG\center_2021_08_12_17_16_03_495.jpg, C:\Users\KIIT\Desktop\simulator-windows-64\IMG\left_2021_08_12_17_16_03_495.jpg, C:\Users\KIIT\Desktop\simulator-windows-64\IMG\right_2021_08_12_17_16_03_495.jpg, 0, 0.9615525, 0, 24.68188
C:\Users\KIIT\Desktop\simulator-windows-64\IMG\center_2021_08_12_17_16_03_606.jpg, C:\Users\KIIT\Desktop\simulator-windows-64\IMG\left_2021_08_12_17_16_03_606.jpg, C:\Users\KIIT\Desktop\simulator-windows-64\IMG\right_2021_08_12_17_16_03_606.jpg, 0, 1, 0, 25.83319
C:\Users\KIIT\Desktop\simulator-windows-64\IMG\center_2021_08_12_17_16_03_709.jpg, C:\Users\KIIT\Desktop\simulator-windows-64\IMG\left_2021_08_12_17_16_03_709.jpg, C:\Users\KIIT\Desktop\simulator-windows-64\IMG\right_2021_08_12_17_16_03_709.jpg, -0.3108354, 1, 0, 26.71765
C:\Users\KIIT\Desktop\simulator-windows-64\IMG\center_2021_08_12_17_16_03_816.jpg, C:\Users\KIIT\Desktop\simulator-windows-64\IMG\left_2021_08_12_17_16_03_816.jpg, C:\Users\KIIT\Desktop\simulator-windows-64\IMG\right_2021_08_12_17_16_03_816.jpg, 0, 1, 0, 27.65449
C:\Users\KIIT\Desktop\simulator-windows-64\IMG\center_2021_08_12_17_16_03_927.jpg, C:\Users\KIIT\Desktop\simulator-windows-64\IMG\left_2021_08_12_17_16_03_927.jpg, C:\Users\KIIT\Desktop\simulator-windows-64\IMG\right_2021_08_12_17_16_03_927.jpg, 0, 1, 0, 28.76641
C:\Users\KIIT\Desktop\simulator-windows-64\IMG\center_2021_08_12_17_16_04_040.jpg, C:\Users\KIIT\Desktop\simulator-windows-64\IMG\left_2021_08_12_17_16_04_040.jpg, C:\Users\KIIT\Desktop\simulator-windows-64\IMG\right_2021_08_12_17_16_04_040.jpg, 0, 1, 0, 29.86775
C:\Users\KIIT\Desktop\simulator-windows-64\IMG\center_2021_08_12_17_16_04_159.jpg, C:\Users\KIIT\Desktop\simulator-windows-64\IMG\left_2021_08_12_17_16_04_159.jpg, C:\Users\KIIT\Desktop\simulator-windows-64\IMG\right_2021_08_12_17_16_04_159.jpg, 0, 1, 0, 30.19022
C:\Users\KIIT\Desktop\simulator-windows-64\IMG\center_2021_08_12_17_16_04_278.jpg, C:\Users\KIIT\Desktop\simulator-windows-64\IMG\left_2021_08_12_17_16_04_278.jpg, C:\Users\KIIT\Desktop\simulator-windows-64\IMG\right_2021_08_12_17_16_04_278.jpg, -0.0764352, 1, 0, 30.18845
C:\Users\KIIT\Desktop\simulator-windows-64\IMG\center_2021_08_12_17_16_04_383.jpg, C:\Users\KIIT\Desktop\simulator-windows-64\IMG\left_2021_08_12_17_16_04_383.jpg, C:\Users\KIIT\Desktop\simulator-windows-64\IMG\right_2021_08_12_17_16_04_383.jpg, -0.3918951, 1, 0, 30.15645
C:\Users\KIIT\Desktop\simulator-windows-64\IMG\center_2021_08_12_17_16_04_488.jpg, C:\Users\KIIT\Desktop\simulator-windows-64\IMG\left_2021_08_12_17_16_04_488.jpg, C:\Users\KIIT\Desktop\simulator-windows-64\IMG\right_2021_08_12_17_16_04_488.jpg, -0.07521573, 1, 0, 30.19077
C:\Users\KIIT\Desktop\simulator-windows-64\IMG\center_2021_08_12_17_16_04_603.jpg, C:\Users\KIIT\Desktop\simulator-windows-64\IMG\left_2021_08_12_17_16_04_603.jpg, C:\Users\KIIT\Desktop\simulator-windows-64\IMG\right_2021_08_12_17_16_04_603.jpg, -0.1045653, 1, 0, 30.19072
C:\Users\KIIT\Desktop\simulator-windows-64\IMG\center_2021_08_12_17_16_04_712.jpg, C:\Users\KIIT\Desktop\simulator-windows-64\IMG\left_2021_08_12_17_16_04_712.jpg, C:\Users\KIIT\Desktop\simulator-windows-64\IMG\right_2021_08_12_17_16_04_712.jpg, -0.4342638, 1, 0, 30.15982
C:\Users\KIIT\Desktop\simulator-windows-64\IMG\center_2021_08_12_17_16_04_815.jpg, C:\Users\KIIT\Desktop\simulator-windows-64\IMG\left_2021_08_12_17_16_04_815.jpg, C:\Users\KIIT\Desktop\simulator-windows-64\IMG\right_2021_08_12_17_16_04_815.jpg, -0.1267053, 1, 0, 30.19134
C:\Users\KIIT\Desktop\simulator-windows-64\IMG\center_2021_08_12_17_16_04_958.jpg, C:\Users\KIIT\Desktop\simulator-windows-64\IMG\left_2021_08_12_17_16_04_958.jpg, C:\Users\KIIT\Desktop\simulator-windows-64\IMG\right_2021_08_12_17_16_04_958.jpg, 0, 1, 0, 30.19016
C:\Users\KIIT\Desktop\simulator-windows-64\IMG\center_2021_08_12_17_16_05_072.jpg, C:\Users\KIIT\Desktop\simulator-windows-64\IMG\left_2021_08_12_17_16_05_072.jpg, C:\Users\KIIT\Desktop\simulator-windows-64\IMG\right_2021_08_12_17_16_05_072.jpg, 0, 1, 0, 30.19037
C:\Users\KIIT\Desktop\simulator-windows-64\IMG\center_2021_08_12_17_16_05_190.jpg, C:\Users\KIIT\Desktop\simulator-windows-64\IMG\left_2021_08_12_17_16_05_190.jpg, C:\Users\KIIT\Desktop\simulator-windows-64\IMG\right_2021_08_12_17_16_05_190.jpg, -0.3531396, 1, 0, 30.16538
C:\Users\KIIT\Desktop\simulator-windows-64\IMG\center_2021_08_12_17_16_05_316.jpg, C:\Users\KIIT\Desktop\simulator-windows-64\IMG\left_2021_08_12_17_16_05_316.jpg, C:\Users\KIIT\Desktop\simulator-windows-64\IMG\right_2021_08_12_17_16_05_316.jpg, 0, 1, 0, 30.18854
C:\Users\KIIT\Desktop\simulator-windows-64\IMG\center_2021_08_12_17_16_05_459.jpg, C:\Users\KIIT\Desktop\simulator-windows-64\IMG\left_2021_08_12_17_16_05_459.jpg, C:\Users\KIIT\Desktop\simulator-windows-64\IMG\right_2021_08_12_17_16_05_459.jpg, 0, 1, 0, 30.1913
C:\Users\KIIT\Desktop\simulator-windows-64\IMG\center_2021_08_12_17_16_05_577.jpg, C:\Users\KIIT\Desktop\simulator-windows-64\IMG\left_2021_08_12_17_16_05_577.jpg, C:\Users\KIIT\Desktop\simulator-windows-64\IMG\right_2021_08_12_17_16_05_577.jpg, 0, 1, 0, 30.19013
C:\Users\KIIT\Desktop\simulator-windows-64\IMG\center_2021_08_12_17_16_05_716.jpg, C:\Users\KIIT\Desktop\simulator-windows-64\IMG\left_2021_08_12_17_16_05_716.jpg, C:\Users\KIIT\Desktop\simulator-windows-64\IMG\right_2021_08_12_17_16_05_716.jpg, -0.1053615, 1, 0, 30.19173
C:\Users\KIIT\Desktop\simulator-windows-64\IMG\center_2021_08_12_17_16_05_864.jpg, C:\Users\KIIT\Desktop\simulator-windows-64\IMG\left_2021_08_12_17_16_05_864.jpg, C:\Users\KIIT\Desktop\simulator-windows-64\IMG\right_2021_08_12_17_16_05_864.jpg, 0, 1, 0, 30.19018
C:\Users\KIIT\Desktop\simulator-windows-64\IMG\center_2021_08_12_17_16_05_975.jpg, C:\Users\KIIT\Desktop\simulator-windows-64\IMG\left_2021_08_12_17_16_05_975.jpg, C:\Users\KIIT\Desktop\simulator-windows-64\IMG\right_2021_08_12_17_16_05_975.jpg, 0, 1, 0, 30.19037
C:\Users\KIIT\Desktop\simulator-windows-64\IMG\center_2021_08_12_17_16_06_096.jpg, C:\Users\KIIT\Desktop\simulator-windows-64\IMG\left_2021_08_12_17_16_06_096.jpg, C:\Users\KIIT\Desktop\simulator-windows-64\IMG\right_2021_08_12_17_16_06_096.jpg, 0, 1, 0, 30.19014
C:\Users\KIIT\Desktop\simulator-windows-64\IMG\center_2021_08_12_17_16_06_226.jpg, C:\Users\KIIT\Desktop\simulator-windows-64\IMG\left_2021_08_12_17_16_06_226.jpg, C:\Users\KIIT\Desktop\simulator-windows-64\IMG\right_2021_08_12_17_16_06_226.jpg, 0, 1, 0, 30.19029
C:\Users\KIIT\Desktop\simulator-windows-64\IMG\center_2021_08_12_17_16_06_355.jpg, C:\Users\KIIT\Desktop\simulator-windows-64\IMG\left_2021_08_12_17_16_06_355.jpg, C:\Users\KIIT\Desktop\simulator-windows-64\IMG\right_2021_08_12_17_16_06_355.jpg, 0, 1, 0, 30.19031
C:\Users\KIIT\Desktop\simulator-windows-64\IMG\center_2021_08_12_17_16_06_476.jpg, C:\Users\KIIT\Desktop\simulator-windows-64\IMG\left_2021_08_12_17_16_06_476.jpg, C:\Users\KIIT\Desktop\simulator-windows-64\IMG\right_2021_08_12_17_16_06_476.jpg, -0.3641022, 1, 0, 30.16603
C:\Users\KIIT\Desktop\simulator-windows-64\IMG\center_2021_08_12_17_16_06_607.jpg, C:\Users\KIIT\Desktop\simulator-windows-64\IMG\left_2021_08_12_17_16_06_607.jpg, C:\Users\KIIT\Desktop\simulator-windows-64\IMG\right_2021_08_12_17_16_06_607.jpg, 0, 1, 0, 30.18829
C:\Users\KIIT\Desktop\simulator-windows-64\IMG\center_2021_08_12_17_16_06_733.jpg, C:\Users\KIIT\Desktop\simulator-windows-64\IMG\left_2021_08_12_17_16_06_733.jpg, C:\Users\KIIT\Desktop\simulator-windows-64\IMG\right_2021_08_12_17_16_06_733.jpg, 0, 1, 0, 30.19018
C:\Users\KIIT\Desktop\simulator-windows-64\IMG\center_2021_08_12_17_16_06_869.jpg, C:\Users\KIIT\Desktop\simulator-windows-64\IMG\left_2021_08_12_17_16_06_869.jpg, C:\Users\KIIT\Desktop\simulator-windows-64\IMG\right_2021_08_12_17_16_06_869.jpg, 0, 1, 0, 30.19029
C:\Users\KIIT\Desktop\simulator-windows-64\IMG\center_2021_08_12_17_16_07_001.jpg, C:\Users\KIIT\Desktop\simulator-windows-64\IMG\left_2021_08_12_17_16_07_001.jpg, C:\Users\KIIT\Desktop\simulator-windows-64\IMG\right_2021_08_12_17_16_07_001.jpg, 0, 1, 0, 30.19028
C:\Users\KIIT\Desktop\simulator-windows-64\IMG\center_2021_08_12_17_16_07_120.jpg, C:\Users\KIIT\Desktop\simulator-windows-64\IMG\left_2021_08_12_17_16_07_120.jpg, C:\Users\KIIT\Desktop\simulator-windows-64\IMG\right_2021_08_12_17_16_07_120.jpg, 0, 1, 0, 30.19029
C:\Users\KIIT\Desktop\simulator-windows-64\IMG\center_2021_08_12_17_16_07_230.jpg, C:\Users\KIIT\Desktop\simulator-windows-64\IMG\left_2021_08_12_17_16_07_230.jpg, C:\Users\KIIT\Desktop\simulator-windows-64\IMG\right_2021_08_12_17_16_07_230.jpg, 0, 1, 0, 30.19031
C:\Users\KIIT\Desktop\simulator-windows-64\IMG\center_2021_08_12_17_16_07_364.jpg, C:\Users\KIIT\Desktop\simulator-windows-64\IMG\left_2021_08_12_17_16_07_364.jpg, C:\Users\KIIT\Desktop\simulator-windows-64\IMG\right_2021_08_12_17_16_07_364.jpg, 0, 1, 0, 30.19028
C:\Users\KIIT\Desktop\simulator-windows-64\IMG\center_2021_08_12_17_16_07_502.jpg, C:\Users\KIIT\Desktop\simulator-windows-64\IMG\left_2021_08_12_17_16_07_502.jpg, C:\Users\KIIT\Desktop\simulator-windows-64\IMG\right_2021_08_12_17_16_07_502.jpg, 0, 1, 0, 30.19033
C:\Users\KIIT\Desktop\simulator-windows-64\IMG\center_2021_08_12_17_16_07_631.jpg, C:\Users\KIIT\Desktop\simulator-windows-64\IMG\left_2021_08_12_17_16_07_631.jpg, C:\Users\KIIT\Desktop\simulator-windows-64\IMG\right_2021_08_12_17_16_07_631.jpg, 0, 1, 0, 30.19029
C:\Users\KIIT\Desktop\simulator-windows-64\IMG\center_2021_08_12_17_16_07_754.jpg, C:\Users\KIIT\Desktop\simulator-windows-64\IMG\left_2021_08_12_17_16_07_754.jpg, C:\Users\KIIT\Desktop\simulator-windows-64\IMG\right_2021_08_12_17_16_07_754.jpg, 0, 1, 0, 30.1899
C:\Users\KIIT\Desktop\simulator-windows-64\IMG\center_2021_08_12_17_16_07_882.jpg, C:\Users\KIIT\Desktop\simulator-windows-64\IMG\left_2021_08_12_17_16_07_882.jpg, C:\Users\KIIT\Desktop\simulator-windows-64\IMG\right_2021_08_12_17_16_07_882.jpg, 0, 1, 0, 30.19015
C:\Users\KIIT\Desktop\simulator-windows-64\IMG\center_2021_08_12_17_16_08_010.jpg, C:\Users\KIIT\Desktop\simulator-windows-64\IMG\left_2021_08_12_17_16_08_010.jpg, C:\Users\KIIT\Desktop\simulator-windows-64\IMG\right_2021_08_12_17_16_08_010.jpg, -0.3828399, 1, 0, 30.15772
C:\Users\KIIT\Desktop\simulator-windows-64\IMG\center_2021_08_12_17_16_08_125.jpg, C:\Users\KIIT\Desktop\simulator-windows-64\IMG\left_2021_08_12_17_16_08_125.jpg, C:\Users\KIIT\Desktop\simulator-windows-64\IMG\right_2021_08_12_17_16_08_125.jpg, -0.4795698, 1, 0, 30.17524
C:\Users\KIIT\Desktop\simulator-windows-64\IMG\center_2021_08_12_17_16_08_249.jpg, C:\Users\KIIT\Desktop\simulator-windows-64\IMG\left_2021_08_12_17_16_08_249.jpg, C:\Users\KIIT\Desktop\simulator-windows-64\IMG\right_2021_08_12_17_16_08_249.jpg, -0.1109358, 1, 0, 30.19251
C:\Users\KIIT\Desktop\simulator-windows-64\IMG\center_2021_08_12_17_16_08_374.jpg, C:\Users\KIIT\Desktop\simulator-windows-64\IMG\left_2021_08_12_17_16_08_374.jpg, C:\Users\KIIT\Desktop\simulator-windows-64\IMG\right_2021_08_12_17_16_08_374.jpg, 0, 1, 0, 30.18955
C:\Users\KIIT\Desktop\simulator-windows-64\IMG\center_2021_08_12_17_16_08_499.jpg, C:\Users\KIIT\Desktop\simulator-windows-64\IMG\left_2021_08_12_17_16_08_499.jpg, C:\Users\KIIT\Desktop\simulator-windows-64\IMG\right_2021_08_12_17_16_08_499.jpg, 0, 1, 0, 30.18966
C:\Users\KIIT\Desktop\simulator-windows-64\IMG\center_2021_08_12_17_16_08_628.jpg, C:\Users\KIIT\Desktop\simulator-windows-64\IMG\left_2021_08_12_17_16_08_628.jpg, C:\Users\KIIT\Desktop\simulator-windows-64\IMG\right_2021_08_12_17_16_08_628.jpg, 0, 1, 0, 30.19031
C:\Users\KIIT\Desktop\simulator-windows-64\IMG\center_2021_08_12_17_16_08_754.jpg, C:\Users\KIIT\Desktop\simulator-windows-64\IMG\left_2021_08_12_17_16_08_754.jpg, C:\Users\KIIT\Desktop\simulator-windows-64\IMG\right_2021_08_12_17_16_08_754.jpg, 0, 1, 0, 30.19027
C:\Users\KIIT\Desktop\simulator-windows-64\IMG\center_2021_08_12_17_16_08_879.jpg, C:\Users\KIIT\Desktop\simulator-windows-64\IMG\left_2021_08_12_17_16_08_879.jpg, C:\Users\KIIT\Desktop\simulator-windows-64\IMG\right_2021_08_12_17_16_08_879.jpg, 0, 1, 0, 30.19029
C:\Users\KIIT\Desktop\simulator-windows-64\IMG\center_2021_08_12_17_16_08_997.jpg, C:\Users\KIIT\Desktop\simulator-windows-64\IMG\left_2021_08_12_17_16_08_997.jpg, C:\Users\KIIT\Desktop\simulator-windows-64\IMG\right_2021_08_12_17_16_08_997.jpg, 0, 1, 0, 30.19031
C:\Users\KIIT\Desktop\simulator-windows-64\IMG\center_2021_08_12_17_16_09_131.jpg, C:\Users\KIIT\Desktop\simulator-windows-64\IMG\left_2021_08_12_17_16_09_131.jpg, C:\Users\KIIT\Desktop\simulator-windows-64\IMG\right_2021_08_12_17_16_09_131.jpg, 0, 1, 0, 30.19031
C:\Users\KIIT\Desktop\simulator-windows-64\IMG\center_2021_08_12_17_16_09_263.jpg, C:\Users\KIIT\Desktop\simulator-windows-64\IMG\left_2021_08_12_17_16_09_263.jpg, C:\Users\KIIT\Desktop\simulator-windows-64\IMG\right_2021_08_12_17_16_09_263.jpg, 0, 1, 0, 30.19033
C:\Users\KIIT\Desktop\simulator-windows-64\IMG\center_2021_08_12_17_16_09_401.jpg, C:\Users\KIIT\Desktop\simulator-windows-64\IMG\left_2021_08_12_17_16_09_401.jpg, C:\Users\KIIT\Desktop\simulator-windows-64\IMG\right_2021_08_12_17_16_09_401.jpg, -0.1506057, 1, 0, 30.18499
C:\Users\KIIT\Desktop\simulator-windows-64\IMG\center_2021_08_12_17_16_09_553.jpg, C:\Users\KIIT\Desktop\simulator-windows-64\IMG\left_2021_08_12_17_16_09_553.jpg, C:\Users\KIIT\Desktop\simulator-windows-64\IMG\right_2021_08_12_17_16_09_553.jpg, 0, 1, 0, 30.19013
C:\Users\KIIT\Desktop\simulator-windows-64\IMG\center_2021_08_12_17_16_09_688.jpg, C:\Users\KIIT\Desktop\simulator-windows-64\IMG\left_2021_08_12_17_16_09_688.jpg, C:\Users\KIIT\Desktop\simulator-windows-64\IMG\right_2021_08_12_17_16_09_688.jpg, 0, 1, 0, 30.19031
C:\Users\KIIT\Desktop\simulator-windows-64\IMG\center_2021_08_12_17_16_09_830.jpg, C:\Users\KIIT\Desktop\simulator-windows-64\IMG\left_2021_08_12_17_16_09_830.jpg, C:\Users\KIIT\Desktop\simulator-windows-64\IMG\right_2021_08_12_17_16_09_830.jpg, 0, 1, 0, 30.19027
C:\Users\KIIT\Desktop\simulator-windows-64\IMG\center_2021_08_12_17_16_09_976.jpg, C:\Users\KIIT\Desktop\simulator-windows-64\IMG\left_2021_08_12_17_16_09_976.jpg, C:\Users\KIIT\Desktop\simulator-windows-64\IMG\right_2021_08_12_17_16_09_976.jpg, 0, 1, 0, 30.19029
C:\Users\KIIT\Desktop\simulator-windows-64\IMG\center_2021_08_12_17_16_10_088.jpg, C:\Users\KIIT\Desktop\simulator-windows-64\IMG\left_2021_08_12_17_16_10_088.jpg, C:\Users\KIIT\Desktop\simulator-windows-64\IMG\right_2021_08_12_17_16_10_088.jpg, 0, 1, 0, 30.1903
C:\Users\KIIT\Desktop\simulator-windows-64\IMG\center_2021_08_12_17_16_10_204.jpg, C:\Users\KIIT\Desktop\simulator-windows-64\IMG\left_2021_08_12_17_16_10_204.jpg, C:\Users\KIIT\Desktop\simulator-windows-64\IMG\right_2021_08_12_17_16_10_204.jpg, 0, 1, 0, 30.19032
C:\Users\KIIT\Desktop\simulator-windows-64\IMG\center_2021_08_12_17_16_10_328.jpg, C:\Users\KIIT\Desktop\simulator-windows-64\IMG\left_2021_08_12_17_16_10_328.jpg, C:\Users\KIIT\Desktop\simulator-windows-64\IMG\right_2021_08_12_17_16_10_328.jpg, 0, 1, 0, 30.19047
C:\Users\KIIT\Desktop\simulator-windows-64\IMG\center_2021_08_12_17_16_10_476.jpg, C:\Users\KIIT\Desktop\simulator-windows-64\IMG\left_2021_08_12_17_16_10_476.jpg, C:\Users\KIIT\Desktop\simulator-windows-64\IMG\right_2021_08_12_17_16_10_476.jpg, 0, 1, 0, 30.1894
C:\Users\KIIT\Desktop\simulator-windows-64\IMG\center_2021_08_12_17_16_10_614.jpg, C:\Users\KIIT\Desktop\simulator-windows-64\IMG\left_2021_08_12_17_16_10_614.jpg, C:\Users\KIIT\Desktop\simulator-windows-64\IMG\right_2021_08_12_17_16_10_614.jpg, -0.1520412, 1, 0, 30.19063
C:\Users\KIIT\Desktop\simulator-windows-64\IMG\center_2021_08_12_17_16_10_749.jpg, C:\Users\KIIT\Desktop\simulator-windows-64\IMG\left_2021_08_12_17_16_10_749.jpg, C:\Users\KIIT\Desktop\simulator-windows-64\IMG\right_2021_08_12_17_16_10_749.jpg, 0, 1, 0, 30.18953
C:\Users\KIIT\Desktop\simulator-windows-64\IMG\center_2021_08_12_17_16_10_883.jpg, C:\Users\KIIT\Desktop\simulator-windows-64\IMG\left_2021_08_12_17_16_10_883.jpg, C:\Users\KIIT\Desktop\simulator-windows-64\IMG\right_2021_08_12_17_16_10_883.jpg, 0, 1, 0, 30.19007
C:\Users\KIIT\Desktop\simulator-windows-64\IMG\center_2021_08_12_17_16_10_987.jpg, C:\Users\KIIT\Desktop\simulator-windows-64\IMG\left_2021_08_12_17_16_10_987.jpg, C:\Users\KIIT\Desktop\simulator-windows-64\IMG\right_2021_08_12_17_16_10_987.jpg, 0, 1, 0, 30.19011
C:\Users\KIIT\Desktop\simulator-windows-64\IMG\center_2021_08_12_17_16_11_095.jpg, C:\Users\KIIT\Desktop\simulator-windows-64\IMG\left_2021_08_12_17_16_11_095.jpg, C:\Users\KIIT\Desktop\simulator-windows-64\IMG\right_2021_08_12_17_16_11_095.jpg, 0, 1, 0, 30.1901
C:\Users\KIIT\Desktop\simulator-windows-64\IMG\center_2021_08_12_17_16_11_215.jpg, C:\Users\KIIT\Desktop\simulator-windows-64\IMG\left_2021_08_12_17_16_11_215.jpg, C:\Users\KIIT\Desktop\simulator-windows-64\IMG\right_2021_08_12_17_16_11_215.jpg, 0, 1, 0, 30.19013
C:\Users\KIIT\Desktop\simulator-windows-64\IMG\center_2021_08_12_17_16_11_354.jpg, C:\Users\KIIT\Desktop\simulator-windows-64\IMG\left_2021_08_12_17_16_11_354.jpg, C:\Users\KIIT\Desktop\simulator-windows-64\IMG\right_2021_08_12_17_16_11_354.jpg, 0, 1, 0, 30.19012
C:\Users\KIIT\Desktop\simulator-windows-64\IMG\center_2021_08_12_17_16_11_497.jpg, C:\Users\KIIT\Desktop\simulator-windows-64\IMG\left_2021_08_12_17_16_11_497.jpg, C:\Users\KIIT\Desktop\simulator-windows-64\IMG\right_2021_08_12_17_16_11_497.jpg, -0.4304466, 1, 0, 30.16033
C:\Users\KIIT\Desktop\simulator-windows-64\IMG\center_2021_08_12_17_16_11_641.jpg, C:\Users\KIIT\Desktop\simulator-windows-64\IMG\left_2021_08_12_17_16_11_641.jpg, C:\Users\KIIT\Desktop\simulator-windows-64\IMG\right_2021_08_12_17_16_11_641.jpg, -0.0006473958, 1, 0, 30.18809
C:\Users\KIIT\Desktop\simulator-windows-64\IMG\center_2021_08_12_17_16_11_783.jpg, C:\Users\KIIT\Desktop\simulator-windows-64\IMG\left_2021_08_12_17_16_11_783.jpg, C:\Users\KIIT\Desktop\simulator-windows-64\IMG\right_2021_08_12_17_16_11_783.jpg, 0, 1, 0, 30.19029
C:\Users\KIIT\Desktop\simulator-windows-64\IMG\center_2021_08_12_17_16_11_902.jpg, C:\Users\KIIT\Desktop\simulator-windows-64\IMG\left_2021_08_12_17_16_11_902.jpg, C:\Users\KIIT\Desktop\simulator-windows-64\IMG\right_2021_08_12_17_16_11_902.jpg, 0, 1, 0, 30.19016
C:\Users\KIIT\Desktop\simulator-windows-64\IMG\center_2021_08_12_17_16_12_023.jpg, C:\Users\KIIT\Desktop\simulator-windows-64\IMG\left_2021_08_12_17_16_12_023.jpg, C:\Users\KIIT\Desktop\simulator-windows-64\IMG\right_2021_08_12_17_16_12_023.jpg, 0, 1, 0, 30.19035
C:\Users\KIIT\Desktop\simulator-windows-64\IMG\center_2021_08_12_17_16_12_151.jpg, C:\Users\KIIT\Desktop\simulator-windows-64\IMG\left_2021_08_12_17_16_12_151.jpg, C:\Users\KIIT\Desktop\simulator-windows-64\IMG\right_2021_08_12_17_16_12_151.jpg, 0, 1, 0, 30.19037
C:\Users\KIIT\Desktop\simulator-windows-64\IMG\center_2021_08_12_17_16_12_278.jpg, C:\Users\KIIT\Desktop\simulator-windows-64\IMG\left_2021_08_12_17_16_12_278.jpg, C:\Users\KIIT\Desktop\simulator-windows-64\IMG\right_2021_08_12_17_16_12_278.jpg, 0, 1, 0, 30.19036
C:\Users\KIIT\Desktop\simulator-windows-64\IMG\center_2021_08_12_17_16_12_406.jpg, C:\Users\KIIT\Desktop\simulator-windows-64\IMG\left_2021_08_12_17_16_12_406.jpg, C:\Users\KIIT\Desktop\simulator-windows-64\IMG\right_2021_08_12_17_16_12_406.jpg, 0, 1, 0, 30.19034
C:\Users\KIIT\Desktop\simulator-windows-64\IMG\center_2021_08_12_17_16_12_552.jpg, C:\Users\KIIT\Desktop\simulator-windows-64\IMG\left_2021_08_12_17_16_12_552.jpg, C:\Users\KIIT\Desktop\simulator-windows-64\IMG\right_2021_08_12_17_16_12_552.jpg, 0, 1, 0, 30.19036
C:\Users\KIIT\Desktop\simulator-windows-64\IMG\center_2021_08_12_17_16_12_679.jpg, C:\Users\KIIT\Desktop\simulator-windows-64\IMG\left_2021_08_12_17_16_12_679.jpg, C:\Users\KIIT\Desktop\simulator-windows-64\IMG\right_2021_08_12_17_16_12_679.jpg, 0, 1, 0, 30.19037
C:\Users\KIIT\Desktop\simulator-windows-64\IMG\center_2021_08_12_17_16_12_804.jpg, C:\Users\KIIT\Desktop\simulator-windows-64\IMG\left_2021_08_12_17_16_12_804.jpg, C:\Users\KIIT\Desktop\simulator-windows-64\IMG\right_2021_08_12_17_16_12_804.jpg, 0, 1, 0, 30.19037
C:\Users\KIIT\Desktop\simulator-windows-64\IMG\center_2021_08_12_17_16_12_927.jpg, C:\Users\KIIT\Desktop\simulator-windows-64\IMG\left_2021_08_12_17_16_12_927.jpg, C:\Users\KIIT\Desktop\simulator-windows-64\IMG\right_2021_08_12_17_16_12_927.jpg, 0, 1, 0, 30.19011
C:\Users\KIIT\Desktop\simulator-windows-64\IMG\center_2021_08_12_17_16_13_047.jpg, C:\Users\KIIT\Desktop\simulator-windows-64\IMG\left_2021_08_12_17_16_13_047.jpg, C:\Users\KIIT\Desktop\simulator-windows-64\IMG\right_2021_08_12_17_16_13_047.jpg, -0.3600051, 1, 0, 30.16373
C:\Users\KIIT\Desktop\simulator-windows-64\IMG\center_2021_08_12_17_16_13_185.jpg, C:\Users\KIIT\Desktop\simulator-windows-64\IMG\left_2021_08_12_17_16_13_185.jpg, C:\Users\KIIT\Desktop\simulator-windows-64\IMG\right_2021_08_12_17_16_13_185.jpg, -0.456033, 1, 0, 30.17698
C:\Users\KIIT\Desktop\simulator-windows-64\IMG\center_2021_08_12_17_16_13_293.jpg, C:\Users\KIIT\Desktop\simulator-windows-64\IMG\left_2021_08_12_17_16_13_293.jpg, C:\Users\KIIT\Desktop\simulator-windows-64\IMG\right_2021_08_12_17_16_13_293.jpg, -0.141666, 1, 0, 30.19365
C:\Users\KIIT\Desktop\simulator-windows-64\IMG\center_2021_08_12_17_16_13_406.jpg, C:\Users\KIIT\Desktop\simulator-windows-64\IMG\left_2021_08_12_17_16_13_406.jpg, C:\Users\KIIT\Desktop\simulator-windows-64\IMG\right_2021_08_12_17_16_13_406.jpg, 0, 1, 0, 30.18936
C:\Users\KIIT\Desktop\simulator-windows-64\IMG\center_2021_08_12_17_16_13_531.jpg, C:\Users\KIIT\Desktop\simulator-windows-64\IMG\left_2021_08_12_17_16_13_531.jpg, C:\Users\KIIT\Desktop\simulator-windows-64\IMG\right_2021_08_12_17_16_13_531.jpg, 0, 1, 0, 30.1898
C:\Users\KIIT\Desktop\simulator-windows-64\IMG\center_2021_08_12_17_16_13_668.jpg, C:\Users\KIIT\Desktop\simulator-windows-64\IMG\left_2021_08_12_17_16_13_668.jpg, C:\Users\KIIT\Desktop\simulator-windows-64\IMG\right_2021_08_12_17_16_13_668.jpg, 0, 1, 0, 30.19027
C:\Users\KIIT\Desktop\simulator-windows-64\IMG\center_2021_08_12_17_16_13_814.jpg, C:\Users\KIIT\Desktop\simulator-windows-64\IMG\left_2021_08_12_17_16_13_814.jpg, C:\Users\KIIT\Desktop\simulator-windows-64\IMG\right_2021_08_12_17_16_13_814.jpg, 0, 1, 0, 30.19031
C:\Users\KIIT\Desktop\simulator-windows-64\IMG\center_2021_08_12_17_16_13_912.jpg, C:\Users\KIIT\Desktop\simulator-windows-64\IMG\left_2021_08_12_17_16_13_912.jpg, C:\Users\KIIT\Desktop\simulator-windows-64\IMG\right_2021_08_12_17_16_13_912.jpg, 0, 1, 0, 30.19029
C:\Users\KIIT\Desktop\simulator-windows-64\IMG\center_2021_08_12_17_16_14_058.jpg, C:\Users\KIIT\Desktop\simulator-windows-64\IMG\left_2021_08_12_17_16_14_058.jpg, C:\Users\KIIT\Desktop\simulator-windows-64\IMG\right_2021_08_12_17_16_14_058.jpg, 0.4390071, 1, 0, 30.15935
C:\Users\KIIT\Desktop\simulator-windows-64\IMG\center_2021_08_12_17_16_14_193.jpg, C:\Users\KIIT\Desktop\simulator-windows-64\IMG\left_2021_08_12_17_16_14_193.jpg, C:\Users\KIIT\Desktop\simulator-windows-64\IMG\right_2021_08_12_17_16_14_193.jpg, 0.8442672, 0.8701405, 0, 30.06703
C:\Users\KIIT\Desktop\simulator-windows-64\IMG\center_2021_08_12_17_16_14_322.jpg, C:\Users\KIIT\Desktop\simulator-windows-64\IMG\left_2021_08_12_17_16_14_322.jpg, C:\Users\KIIT\Desktop\simulator-windows-64\IMG\right_2021_08_12_17_16_14_322.jpg, 0.4603356, 0.4862089, 0, 30.06919
C:\Users\KIIT\Desktop\simulator-windows-64\IMG\center_2021_08_12_17_16_14_455.jpg, C:\Users\KIIT\Desktop\simulator-windows-64\IMG\left_2021_08_12_17_16_14_455.jpg, C:\Users\KIIT\Desktop\simulator-windows-64\IMG\right_2021_08_12_17_16_14_455.jpg, 0.06309871, 0.08897202, 0, 29.9178
C:\Users\KIIT\Desktop\simulator-windows-64\IMG\center_2021_08_12_17_16_14_584.jpg, C:\Users\KIIT\Desktop\simulator-windows-64\IMG\left_2021_08_12_17_16_14_584.jpg, C:\Users\KIIT\Desktop\simulator-windows-64\IMG\right_2021_08_12_17_16_14_584.jpg, 0, 0, 0, 29.50273
C:\Users\KIIT\Desktop\simulator-windows-64\IMG\center_2021_08_12_17_16_14_702.jpg, C:\Users\KIIT\Desktop\simulator-windows-64\IMG\left_2021_08_12_17_16_14_702.jpg, C:\Users\KIIT\Desktop\simulator-windows-64\IMG\right_2021_08_12_17_16_14_702.jpg, -0.3548229, 0, 0, 29.00043
C:\Users\KIIT\Desktop\simulator-windows-64\IMG\center_2021_08_12_17_16_14_829.jpg, C:\Users\KIIT\Desktop\simulator-windows-64\IMG\left_2021_08_12_17_16_14_829.jpg, C:\Users\KIIT\Desktop\simulator-windows-64\IMG\right_2021_08_12_17_16_14_829.jpg, -0.4791391, 0, 0, 28.34487
C:\Users\KIIT\Desktop\simulator-windows-64\IMG\center_2021_08_12_17_16_14_967.jpg, C:\Users\KIIT\Desktop\simulator-windows-64\IMG\left_2021_08_12_17_16_14_967.jpg, C:\Users\KIIT\Desktop\simulator-windows-64\IMG\right_2021_08_12_17_16_14_967.jpg, -0.06509797, 0, 0, 27.95109
C:\Users\KIIT\Desktop\simulator-windows-64\IMG\center_2021_08_12_17_16_15_097.jpg, C:\Users\KIIT\Desktop\simulator-windows-64\IMG\left_2021_08_12_17_16_15_097.jpg, C:\Users\KIIT\Desktop\simulator-windows-64\IMG\right_2021_08_12_17_16_15_097.jpg, -0.2273494, 0, 0, 27.51885
C:\Users\KIIT\Desktop\simulator-windows-64\IMG\center_2021_08_12_17_16_15_230.jpg, C:\Users\KIIT\Desktop\simulator-windows-64\IMG\left_2021_08_12_17_16_15_230.jpg, C:\Users\KIIT\Desktop\simulator-windows-64\IMG\right_2021_08_12_17_16_15_230.jpg, 0, 0, 0, 27.16675
C:\Users\KIIT\Desktop\simulator-windows-64\IMG\center_2021_08_12_17_16_15_367.jpg, C:\Users\KIIT\Desktop\simulator-windows-64\IMG\left_2021_08_12_17_16_15_367.jpg, C:\Users\KIIT\Desktop\simulator-windows-64\IMG\right_2021_08_12_17_16_15_367.jpg, 0, 0.1479684, 0, 26.83629
C:\Users\KIIT\Desktop\simulator-windows-64\IMG\center_2021_08_12_17_16_15_485.jpg, C:\Users\KIIT\Desktop\simulator-windows-64\IMG\left_2021_08_12_17_16_15_485.jpg, C:\Users\KIIT\Desktop\simulator-windows-64\IMG\right_2021_08_12_17_16_15_485.jpg, 0, 0.5021016, 0, 27.08793
C:\Users\KIIT\Desktop\simulator-windows-64\IMG\center_2021_08_12_17_16_15_596.jpg, C:\Users\KIIT\Desktop\simulator-windows-64\IMG\left_2021_08_12_17_16_15_596.jpg, C:\Users\KIIT\Desktop\simulator-windows-64\IMG\right_2021_08_12_17_16_15_596.jpg, 0, 0.8234655, 0, 27.7484
C:\Users\KIIT\Desktop\simulator-windows-64\IMG\center_2021_08_12_17_16_15_735.jpg, C:\Users\KIIT\Desktop\simulator-windows-64\IMG\left_2021_08_12_17_16_15_735.jpg, C:\Users\KIIT\Desktop\simulator-windows-64\IMG\right_2021_08_12_17_16_15_735.jpg, 0, 1, 0, 29.01881
C:\Users\KIIT\Desktop\simulator-windows-64\IMG\center_2021_08_12_17_16_15_836.jpg, C:\Users\KIIT\Desktop\simulator-windows-64\IMG\left_2021_08_12_17_16_15_836.jpg, C:\Users\KIIT\Desktop\simulator-windows-64\IMG\right_2021_08_12_17_16_15_836.jpg, 0, 1, 0, 29.93404
C:\Users\KIIT\Desktop\simulator-windows-64\IMG\center_2021_08_12_17_16_15_990.jpg, C:\Users\KIIT\Desktop\simulator-windows-64\IMG\left_2021_08_12_17_16_15_990.jpg, C:\Users\KIIT\Desktop\simulator-windows-64\IMG\right_2021_08_12_17_16_15_990.jpg, 0, 1, 0, 30.19
C:\Users\KIIT\Desktop\simulator-windows-64\IMG\center_2021_08_12_17_16_16_094.jpg, C:\Users\KIIT\Desktop\simulator-windows-64\IMG\left_2021_08_12_17_16_16_094.jpg, C:\Users\KIIT\Desktop\simulator-windows-64\IMG\right_2021_08_12_17_16_16_094.jpg, -0.3109158, 1, 0, 30.17291
C:\Users\KIIT\Desktop\simulator-windows-64\IMG\center_2021_08_12_17_16_16_205.jpg, C:\Users\KIIT\Desktop\simulator-windows-64\IMG\left_2021_08_12_17_16_16_205.jpg, C:\Users\KIIT\Desktop\simulator-windows-64\IMG\right_2021_08_12_17_16_16_205.jpg, -0.3994815, 1, 0, 30.18262
C:\Users\KIIT\Desktop\simulator-windows-64\IMG\center_2021_08_12_17_16_16_341.jpg, C:\Users\KIIT\Desktop\simulator-windows-64\IMG\left_2021_08_12_17_16_16_341.jpg, C:\Users\KIIT\Desktop\simulator-windows-64\IMG\right_2021_08_12_17_16_16_341.jpg, 0, 1, 0, 30.18823
C:\Users\KIIT\Desktop\simulator-windows-64\IMG\center_2021_08_12_17_16_16_448.jpg, C:\Users\KIIT\Desktop\simulator-windows-64\IMG\left_2021_08_12_17_16_16_448.jpg, C:\Users\KIIT\Desktop\simulator-windows-64\IMG\right_2021_08_12_17_16_16_448.jpg, 0, 1, 0, 30.1904
C:\Users\KIIT\Desktop\simulator-windows-64\IMG\center_2021_08_12_17_16_16_564.jpg, C:\Users\KIIT\Desktop\simulator-windows-64\IMG\left_2021_08_12_17_16_16_564.jpg, C:\Users\KIIT\Desktop\simulator-windows-64\IMG\right_2021_08_12_17_16_16_564.jpg, 0, 1, 0, 30.19079
C:\Users\KIIT\Desktop\simulator-windows-64\IMG\center_2021_08_12_17_16_16_678.jpg, C:\Users\KIIT\Desktop\simulator-windows-64\IMG\left_2021_08_12_17_16_16_678.jpg, C:\Users\KIIT\Desktop\simulator-windows-64\IMG\right_2021_08_12_17_16_16_678.jpg, 0.3349521, 1, 0, 30.16806
C:\Users\KIIT\Desktop\simulator-windows-64\IMG\center_2021_08_12_17_16_16_831.jpg, C:\Users\KIIT\Desktop\simulator-windows-64\IMG\left_2021_08_12_17_16_16_831.jpg, C:\Users\KIIT\Desktop\simulator-windows-64\IMG\right_2021_08_12_17_16_16_831.jpg, 0.7888098, 1, 0, 30.11374
C:\Users\KIIT\Desktop\simulator-windows-64\IMG\center_2021_08_12_17_16_16_935.jpg, C:\Users\KIIT\Desktop\simulator-windows-64\IMG\left_2021_08_12_17_16_16_935.jpg, C:\Users\KIIT\Desktop\simulator-windows-64\IMG\right_2021_08_12_17_16_16_935.jpg, 0.4664787, 1, 0, 30.18755
C:\Users\KIIT\Desktop\simulator-windows-64\IMG\center_2021_08_12_17_16_17_037.jpg, C:\Users\KIIT\Desktop\simulator-windows-64\IMG\left_2021_08_12_17_16_17_037.jpg, C:\Users\KIIT\Desktop\simulator-windows-64\IMG\right_2021_08_12_17_16_17_037.jpg, 0.1619964, 1, 0, 30.19403
C:\Users\KIIT\Desktop\simulator-windows-64\IMG\center_2021_08_12_17_16_17_183.jpg, C:\Users\KIIT\Desktop\simulator-windows-64\IMG\left_2021_08_12_17_16_17_183.jpg, C:\Users\KIIT\Desktop\simulator-windows-64\IMG\right_2021_08_12_17_16_17_183.jpg, 0, 1, 0, 30.1849
C:\Users\KIIT\Desktop\simulator-windows-64\IMG\center_2021_08_12_17_16_17_306.jpg, C:\Users\KIIT\Desktop\simulator-windows-64\IMG\left_2021_08_12_17_16_17_306.jpg, C:\Users\KIIT\Desktop\simulator-windows-64\IMG\right_2021_08_12_17_16_17_306.jpg, -0.3582012, 1, 0, 30.16263
C:\Users\KIIT\Desktop\simulator-windows-64\IMG\center_2021_08_12_17_16_17_434.jpg, C:\Users\KIIT\Desktop\simulator-windows-64\IMG\left_2021_08_12_17_16_17_434.jpg, C:\Users\KIIT\Desktop\simulator-windows-64\IMG\right_2021_08_12_17_16_17_434.jpg, 0, 1, 0, 30.20943
C:\Users\KIIT\Desktop\simulator-windows-64\IMG\center_2021_08_12_17_16_17_575.jpg, C:\Users\KIIT\Desktop\simulator-windows-64\IMG\left_2021_08_12_17_16_17_575.jpg, C:\Users\KIIT\Desktop\simulator-windows-64\IMG\right_2021_08_12_17_16_17_575.jpg, 0, 1, 0, 29.95491
C:\Users\KIIT\Desktop\simulator-windows-64\IMG\center_2021_08_12_17_16_17_700.jpg, C:\Users\KIIT\Desktop\simulator-windows-64\IMG\left_2021_08_12_17_16_17_700.jpg, C:\Users\KIIT\Desktop\simulator-windows-64\IMG\right_2021_08_12_17_16_17_700.jpg, 0, 1, 0, 30.08519
C:\Users\KIIT\Desktop\simulator-windows-64\IMG\center_2021_08_12_17_16_17_871.jpg, C:\Users\KIIT\Desktop\simulator-windows-64\IMG\left_2021_08_12_17_16_17_871.jpg, C:\Users\KIIT\Desktop\simulator-windows-64\IMG\right_2021_08_12_17_16_17_871.jpg, -0.1604292, 0.5510035, 0, 30.23041
C:\Users\KIIT\Desktop\simulator-windows-64\IMG\center_2021_08_12_17_16_18_019.jpg, C:\Users\KIIT\Desktop\simulator-windows-64\IMG\left_2021_08_12_17_16_18_019.jpg, C:\Users\KIIT\Desktop\simulator-windows-64\IMG\right_2021_08_12_17_16_18_019.jpg, 0, 0.09715745, 0, 29.43704
C:\Users\KIIT\Desktop\simulator-windows-64\IMG\center_2021_08_12_17_16_18_113.jpg, C:\Users\KIIT\Desktop\simulator-windows-64\IMG\left_2021_08_12_17_16_18_113.jpg, C:\Users\KIIT\Desktop\simulator-windows-64\IMG\right_2021_08_12_17_16_18_113.jpg, -0.3312204, 0, 0, 28.66906
C:\Users\KIIT\Desktop\simulator-windows-64\IMG\center_2021_08_12_17_16_18_241.jpg, C:\Users\KIIT\Desktop\simulator-windows-64\IMG\left_2021_08_12_17_16_18_241.jpg, C:\Users\KIIT\Desktop\simulator-windows-64\IMG\right_2021_08_12_17_16_18_241.jpg, -0.7181675, 0, 0, 21.94659
C:\Users\KIIT\Desktop\simulator-windows-64\IMG\center_2021_08_12_17_16_18_365.jpg, C:\Users\KIIT\Desktop\simulator-windows-64\IMG\left_2021_08_12_17_16_18_365.jpg, C:\Users\KIIT\Desktop\simulator-windows-64\IMG\right_2021_08_12_17_16_18_365.jpg, -1, 0, 0, 18.35342
C:\Users\KIIT\Desktop\simulator-windows-64\IMG\center_2021_08_12_17_16_18_482.jpg, C:\Users\KIIT\Desktop\simulator-windows-64\IMG\left_2021_08_12_17_16_18_482.jpg, C:\Users\KIIT\Desktop\simulator-windows-64\IMG\right_2021_08_12_17_16_18_482.jpg, -1, 0, 0, 14.79
C:\Users\KIIT\Desktop\simulator-windows-64\IMG\center_2021_08_12_17_16_18_617.jpg, C:\Users\KIIT\Desktop\simulator-windows-64\IMG\left_2021_08_12_17_16_18_617.jpg, C:\Users\KIIT\Desktop\simulator-windows-64\IMG\right_2021_08_12_17_16_18_617.jpg, -0.8584282, 0, 0, 10.99728
C:\Users\KIIT\Desktop\simulator-windows-64\IMG\center_2021_08_12_17_16_18_720.jpg, C:\Users\KIIT\Desktop\simulator-windows-64\IMG\left_2021_08_12_17_16_18_720.jpg, C:\Users\KIIT\Desktop\simulator-windows-64\IMG\right_2021_08_12_17_16_18_720.jpg, -0.5567774, 0, 0, 8.481178
C:\Users\KIIT\Desktop\simulator-windows-64\IMG\center_2021_08_12_17_16_18_822.jpg, C:\Users\KIIT\Desktop\simulator-windows-64\IMG\left_2021_08_12_17_16_18_822.jpg, C:\Users\KIIT\Desktop\simulator-windows-64\IMG\right_2021_08_12_17_16_18_822.jpg, -0.2488993, 0, 0, 6.529009
C:\Users\KIIT\Desktop\simulator-windows-64\IMG\center_2021_08_12_17_16_18_956.jpg, C:\Users\KIIT\Desktop\simulator-windows-64\IMG\left_2021_08_12_17_16_18_956.jpg, C:\Users\KIIT\Desktop\simulator-windows-64\IMG\right_2021_08_12_17_16_18_956.jpg, 0, 0, 0, 4.251506
C:\Users\KIIT\Desktop\simulator-windows-64\IMG\center_2021_08_12_17_16_19_059.jpg, C:\Users\KIIT\Desktop\simulator-windows-64\IMG\left_2021_08_12_17_16_19_059.jpg, C:\Users\KIIT\Desktop\simulator-windows-64\IMG\right_2021_08_12_17_16_19_059.jpg, 0, 0, 0, 1.746557
C:\Users\KIIT\Desktop\simulator-windows-64\IMG\center_2021_08_12_17_16_19_192.jpg, C:\Users\KIIT\Desktop\simulator-windows-64\IMG\left_2021_08_12_17_16_19_192.jpg, C:\Users\KIIT\Desktop\simulator-windows-64\IMG\right_2021_08_12_17_16_19_192.jpg, 0, 0, 0, 0.09348062
C:\Users\KIIT\Desktop\simulator-windows-64\IMG\center_2021_08_12_17_16_19_331.jpg, C:\Users\KIIT\Desktop\simulator-windows-64\IMG\left_2021_08_12_17_16_19_331.jpg, C:\Users\KIIT\Desktop\simulator-windows-64\IMG\right_2021_08_12_17_16_19_331.jpg, 0, 0, 0, 0.04268108
C:\Users\KIIT\Desktop\simulator-windows-64\IMG\center_2021_08_12_17_16_19_441.jpg, C:\Users\KIIT\Desktop\simulator-windows-64\IMG\left_2021_08_12_17_16_19_441.jpg, C:\Users\KIIT\Desktop\simulator-windows-64\IMG\right_2021_08_12_17_16_19_441.jpg, 0, 0, 0, 0.1006585
C:\Users\KIIT\Desktop\simulator-windows-64\IMG\center_2021_08_12_17_16_19_566.jpg, C:\Users\KIIT\Desktop\simulator-windows-64\IMG\left_2021_08_12_17_16_19_566.jpg, C:\Users\KIIT\Desktop\simulator-windows-64\IMG\right_2021_08_12_17_16_19_566.jpg, 0, 0, 0, 0.04200202
C:\Users\KIIT\Desktop\simulator-windows-64\IMG\center_2021_08_12_17_16_19_702.jpg, C:\Users\KIIT\Desktop\simulator-windows-64\IMG\left_2021_08_12_17_16_19_702.jpg, C:\Users\KIIT\Desktop\simulator-windows-64\IMG\right_2021_08_12_17_16_19_702.jpg, 0, 0, 0, 0.0405484
C:\Users\KIIT\Desktop\simulator-windows-64\IMG\center_2021_08_12_17_16_19_827.jpg, C:\Users\KIIT\Desktop\simulator-windows-64\IMG\left_2021_08_12_17_16_19_827.jpg, C:\Users\KIIT\Desktop\simulator-windows-64\IMG\right_2021_08_12_17_16_19_827.jpg, 0, 0, 0, 0.05802555
C:\Users\KIIT\Desktop\simulator-windows-64\IMG\center_2021_08_12_17_16_19_990.jpg, C:\Users\KIIT\Desktop\simulator-windows-64\IMG\left_2021_08_12_17_16_19_990.jpg, C:\Users\KIIT\Desktop\simulator-windows-64\IMG\right_2021_08_12_17_16_19_990.jpg, 0, 0, 0, 0.0190961
C:\Users\KIIT\Desktop\simulator-windows-64\IMG\center_2021_08_12_17_16_20_124.jpg, C:\Users\KIIT\Desktop\simulator-windows-64\IMG\left_2021_08_12_17_16_20_124.jpg, C:\Users\KIIT\Desktop\simulator-windows-64\IMG\right_2021_08_12_17_16_20_124.jpg, 0, 0, 0, 0.03003486
